task_id,split,claim_id,claim,qualification
import-00c7d5eb9ea4bac8201cd1da,train,0,Bagging prediction dispatches predict on feature-sliced estimator inputs,
import-013007e2033b14b73a3e6f27,train,0,Operator class references subclass ANSI object references with distinct type,
import-013007e2033b14b73a3e6f27,train,1,Inherited grammar handles qualified identifiers and exposes reference helpers,
import-013007e2033b14b73a3e6f27,train,2,Index options use operator reference with NULLS exclusion and optional options,
import-022bd5aaec20279be914e1ab,train,0,UnevaluatedExpr instantiated in printing tests,
import-022bd5aaec20279be914e1ab,train,1,Biomechanics directly creates wrappers,
import-022bd5aaec20279be914e1ab,train,2,Code printer handles but does not construct wrapper,
import-0286db3e04e10bc0cb64bc59,train,0,Travis matrix and tox coordinate Python versions and test modes,
import-0286db3e04e10bc0cb64bc59,train,1,Tox unittest jobs collect coverage and lint separately,
import-0286db3e04e10bc0cb64bc59,train,2,Coveralls is conditional,
import-0286db3e04e10bc0cb64bc59,train,3,Integration loops through themes,
import-02afcdc8ff44636a2507af03,train,0,Incremental build scans and cache persistence costs unmeasured,
import-02c6c5cc4b784ea0532e687c,development,0,IPC path error reaches underlying socket connect without local length check,
import-02c731a42afa11b8e9213924,train,0,Qibo exposes common sampling interfaces with backend-specific RNGs,
import-032ed4ac089801d8763d60f5,train,0,Decorator wraps parser validation and translates errors,
import-032ed4ac089801d8763d60f5,train,1,Combinator requires whole argument sequence,
import-032ed4ac089801d8763d60f5,train,2,Compiler macro-expands before expression compilation,
import-034d845133236ae9b7f5a3f3,train,0,Type hint actions recursively adapt values and classes,
import-0393a4ef848d1cf8eaf51897,train,0,Metaclass property resolves on class objects and fixture expected errors target another member,
import-03a0a982ac26306b5232df42,train,0,TOC parser trims wrapper and builds hierarchy using parent stack,
import-03c353ad6fa3ffc08d120bf1,train,0,BaseSVC delegates probability to libsvm and log to log(proba),
import-044fbaedd790bfa9f36b0f7b,train,0,Convolution cache depends on kwargs not resolution mutation,
import-050b5693297db6d96c6cf5d6,train,0,Input events supply target.value,
import-050b5693297db6d96c6cf5d6,train,1,EventSpec argument mappings compile to payload,
import-050b5693297db6d96c6cf5d6,train,2,Backend coerces payload and calls handler with keywords,
import-054283390a7ca05883b3c10e,train,0,Grammar reuse distinct from instantiated nodes,
import-05472f493dc811e6307cc99a,development,0,Reverse subtraction translates overflow into ValueError,
import-05472f493dc811e6307cc99a,development,1,Distant scalar case is covered by a test,
import-05c4419df577dcd774daea5a,train,0,Direct xfail evaluation lacks cache used by hooks,
import-05efdeacba8b181cce5faa64,train,0,Templater list adds references but consumer materializes all hook results anyway,
import-0605181b03a9578272c653c8,development,0,Dummy manager delegates Dask operations and manager dispatch recognizes runtime array types,
import-063fafa90032addd3af0d0e5,train,0,csch delegates reciprocal behavior through its sinh class attribute,
import-06919193f30b63440265fcad,train,0,TypedDict body independent of HTTP status,
import-06b33a277dc70ceda4f72a3a,train,0,Dynamic icon construction differs from invalid literal lookup,
import-06b49ee02708261c54545230,train,0,__new__ parses a name and float-valued arguments then instantiates the selected style,
import-06b49ee02708261c54545230,train,1,Unknown names and malformed pairs preserve causes in ValueError,
import-06d894f19682e481afe2f89d,train,0,Adjoint comparisons use spacing-scaled differences and shared logging wrappers,
import-07783c19f1efdb9b1314b31f,train,0,Git excludes applied to status paths with fnmatch,
import-086304108660dbab46edcf9b,train,0,BigQuery MERGE INSERT has distinct ROW syntax versus optional column/value sequence,
import-086985ef9320324683f46757,development,0,Async middleware order does not serialize concurrent coroutine requests,
import-088b8fcdc9ab5afd50c45316,train,0,"NoSSR removes own static import, retains dependency metadata and generates lazy wrapper",
import-088b8fcdc9ab5afd50c45316,train,1,ClientSide renders null until effect sets component,
import-08933d31a87481f23a4dc833,train,0,Spatial index lazily cached and delegates tree queries,
import-08a3d3a9ac5c0d79f7e14bc2,train,0,Empty fixture class still appears in autosummary,
import-08b6011c02575f9a28426046,train,0,Tracer rendered execution markers,
import-08b6011c02575f9a28426046,train,1,Execution path and coordinates,
import-08b6011c02575f9a28426046,train,2,Literal breadcrumbs,
import-092081db4ada9466237f5b14,train,0,Static fallback registry places GenericIE last,
import-092081db4ada9466237f5b14,train,1,Lazy generator preserves matching metadata and module reference,
import-092081db4ada9466237f5b14,train,2,Generated registry places GenericIE last,
import-0a6671e6d87753ef56b24bb4,development,0,Scheduler-aware distributed named write locks,
import-0a6671e6d87753ef56b24bb4,development,1,NetCDF backend combines library and file locks for writes,
import-0a6671e6d87753ef56b24bb4,development,2,h5netcdf uses same pattern,
import-0b4746621b69807b12713d63,train,0,Parenthesized signature recursive delegation,
import-0b52b26ca874d4d1c1cbcdf9,train,0,Robust soliton Z sums branch masses conditionally,
import-0b90d8f0c3b707bbfb0211de,train,0,Output routes coordinate tqdm,
import-0b90d8f0c3b707bbfb0211de,train,1,Global progress option,
import-0b90d8f0c3b707bbfb0211de,train,2,File progress lifecycle,
import-0bba7197e5bb25f773d1da82,train,0,Duplicate rel keys overwrite earlier links,
import-0bba7197e5bb25f773d1da82,train,1,Parser preserves link processing order,
import-0bc3cde110c8dd1cd64fd09b,train,0,LIKE grammar sequences table reference and optional column list,
import-0bc3cde110c8dd1cd64fd09b,train,1,Sequence advances by match stop and collects children,
import-0bc3cde110c8dd1cd64fd09b,train,2,Bracketed delegates inner content to Sequence,
import-0bdb889ba31573bf3694ddf2,train,0,Corrected central explanation and coverage of the original question,
import-0bf96393934c3bf7b8f86373,train,0,Header construction and stream delivery have separate responsibilities,
import-0c4ab7cb422a1759ab019409,train,0,HandlerRegularPolyCollection inherits _update_prop from HandlerBase,
import-0c613a2a48e168f78506c7c9,train,0,ZEA radius is calculated by zeas2x using degree sine,
import-0c613a2a48e168f78506c7c9,train,1,sind converts degrees,
import-0cc45773ec185cf178d731d0,train,0,check_download_cache raises CacheDamaged,
import-0ccc017740cc72ba478d6212,development,0,Dataset arithmetic composes three bases and sets priority,
import-0ccc017740cc72ba478d6212,development,1,Reduction wrapper forwards options to reduce,
import-0ccc017740cc72ba478d6212,development,2,NumPy ufunc dispatch has explicit protocol implementation,
import-0d0fc175b21a3af99a3fa5ff,train,0,Grouping materializes Cartesian level product,
import-0d5da92978dc996d9ff1e090,train,0,Missing detector fallback differs from detection failure,
import-0e086b202051f18807a80abf,train,0,AppInfo bundles app and module references,
import-0e50db309b5ee886e313b6a8,train,0,Automatic OPTIONS inferred from flag and app configuration,
import-0e5fbd5e6c0ac53b965271f5,train,0,Empty direct RHS raises EmptyResultSet after removing None,
import-0e5fbd5e6c0ac53b965271f5,train,1,AND/OR and negation preserve predicate semantics,
import-0e5fbd5e6c0ac53b965271f5,train,2,Regression coverage for empty iterator and OR,
import-0f6f649727d8a9e3210b711d,train,0,pytest hook collects native .hy modules,
import-0fb897f83ec571cb8ff367e9,train,0,Helper checks README existence and tests orchestrate setup/run/assertion,
import-0fb897f83ec571cb8ff367e9,train,1,Cache implementation creates README support file,
import-0fbd91ed5764b08d8d0458c1,train,0,"Inst, Stmt, Terminator, Expr hierarchy and roles",
import-0fbd91ed5764b08d8d0458c1,train,1,"Control flow uses Return, Jump and Branch terminators",
import-0fce241788d5057d546c7640,train,0,Corrected central explanation and coverage of the original question,
import-0fefd75f2ce0dc24c243e662,train,0,Dialect parser produces common segment tree consumed by rules,
import-102926564e08a0459d95a35d,development,0,Brace expansion and split form OR-of-AND clauses with negation,
import-102926564e08a0459d95a35d,development,1,Conditional handler includes payload iff any clause holds,
import-111271e1beeaffda07e7e679,train,0,Embedding estimators transformed before plot helper,
import-117f0638beb4f96968645770,train,0,PlantUML reads function AST metadata from methods,
import-123ecdad968e7ea36e4a5f6a,train,0,OpenACC updates conservatively account host inputs outputs,
import-1283a292fcfa83e492caf412,train,0,Built-in LaTeX theme selected then updated,
import-1286486da6b74ddb5248c1bc,development,0,First/last select missing-value-aware path by skipna and dtype,
import-1286486da6b74ddb5248c1bc,development,1,Nanfirst/nanlast locate valid positions along requested axis,
import-128cd07fca3059497de066d2,train,0,Texinfo departure assembly,
import-12be21213c5b31a2eb1ef45d,train,0,OffsetBox.contains separates canvas guard then first matching child,
import-1388db5ba5326ce135a43752,train,0,Extension normalization precedes exclusion checks and field creation,
import-13c8e26cc46757c05abf5532,train,0,System function order is the maximum ode_order across equations,
import-13e632d561c0b1740b2074fa,train,0,Corrected central explanation and coverage of the original question,
import-1469913538e10f11cffe5452,train,0,"UnitRegistry combines System, Context and NonMultiplicative registries",
import-1469913538e10f11cffe5452,train,1,Context conversion transforms along a path then delegates,
import-1469913538e10f11cffe5452,train,2,Nonmultiplicative layer delegates simple conversions,
import-1469913538e10f11cffe5452,train,3,Dynamic Group/System classes retain registry,
import-14bd09e3c8e5c73cc8594bf7,train,0,TextArea delegates to owned Matplotlib Text,
import-14cad048bf474ce991c30785,train,0,ActionTypeHint derives from custom logging/argparse Action,
import-150e2ee523cd090d02e9b255,train,0,Test simulates ImportError and checks empty match/load/logs,
import-150e2ee523cd090d02e9b255,train,1,Loader handles ImportError by returning None,
import-1517a212c8df5b2477819c8e,train,0,Config registers custom extensions and import directory,
import-1517a212c8df5b2477819c8e,train,1,Gallery setup connects main to builder-inited,
import-1517a212c8df5b2477819c8e,train,2,Tutorial setup connects its own main,
import-15860ccdbb3364165d80f200,train,0,Fixture router is model-level and alias discovery separate,
import-15a6f06f0687b4b3272302c0,train,0,Pillow CI references secret externally,
import-16b11e3f2e95b9676b10b313,train,0,"Tests cover resolution, while implementation assigns parents later",
import-171b512bacb934fc9a161a42,train,0,Binary expression stringification,
import-17422b22d16d64b11ac50cbc,development,0,Factory-built fixtures couple hierarchical lookup tests to intermediate node creation,
import-174a1eb30f948a89680d398a,train,0,Deployment passes export closure to hosting deploy,
import-174a1eb30f948a89680d398a,train,1,Export coordinates frontend build and packaging,
import-1779e8c48e3859005bfe667c,train,0,Raw hierarchy,
import-1779e8c48e3859005bfe667c,train,1,ANSI specialized subclasses,
import-178cde6b170d9c97c8630c30,train,0,Anchored offset converts fontsize/padding then subtracts bbox origin,
import-17b19d083f8a24102b1a2272,train,0,after_this_request stores callbacks in current request context and chains responses,
import-1858f3ada8c0a29a6f8c0877,train,0,Matcher stubs included through manifest mechanism,
import-188040463405615ffa93ff21,development,0,Inconsistent chunks roundtrip verifies independent explicit file metadata,
import-18cdc933c81746fed784ad05,train,0,OFTInteger value passes _bit64 to integer extraction while forcing exposed type,
import-18f1bdc95f3006c4e6746b8f,train,0,Array function name chooses return or error,
import-1961cd519d406ffccb4892ef,train,0,Autoscaling collects sticky edges from shared sibling axes,
import-1964f79f6d9b20cc5932178e,train,0,Migration implementation is compatibility.py,
import-1966c4ed643617951d3f3400,train,0,Category counts increase legend objects and HTML without proving dominant runtime,
import-19ae734d0dabcf8ee646e50a,development,0,Test treats object skipna=False expectation differently,
import-19ae734d0dabcf8ee646e50a,development,1,False skipna selects namespace reduction,
import-19d6f513923e689e9f865c82,train,0,Direct None call returns empty security warning list by short-circuit,
import-19e9bb1ce7326cfc87908604,development,0,Orthogonal fallback indexes axes in reverse order,
import-1a0a848fe0d53a38b00368c7,train,0,Corrected central explanation and coverage of the original question,
import-1ac88ef029f81440cbfd6431,train,0,Shrinkage modifies deviations then reconstructs centroids,
import-1af9fb0fba15575c4a366234,train,0,Corrected central explanation and coverage of the original question,
import-1b384ce28a37f75922bf0423,train,0,Redirects extract prior response cookies merge session jar and regenerate Cookie header,
import-1b63c17c6302af20f84d85a2,train,0,"Missing x and y dispatch wide form, otherwise PlotData long form",
import-1b9c21f4f33bbc7d8727987c,train,0,Declared url remains form field but is excluded from model validation,
import-1ba513c05f25d8f0d106a05c,train,0,Corrected central explanation and coverage of the original question,
import-1bb3321682f47d86c458c9e9,train,0,Preprocessor uses Macro variadic metadata,
import-1bb3321682f47d86c458c9e9,train,1,Prescan and expansion handle variadic comma removal,
import-1bb79aa402423c16dff40dee,development,0,BaseUrlSession resolves request URLs and delegates session behavior,
import-1bb79aa402423c16dff40dee,development,1,Client configures endpoint-based sessions,
import-1bd73f2caf250c79536f4328,train,0,Checkov docs generated from check registries,
import-1c055f43bc6d8dc15a443d12,train,0,Corrected central explanation and coverage of the original question,
import-1c3b2703cfe74e88f14de19c,train,0,Nonnegative check branches after float conversion,
import-1c5442786feebda389e3b4e5,train,0,Corrected central explanation and coverage of the original question,
import-1c6a7bd439189d4c0d6b3b12,train,0,Tuple tagging has recursive traversal without cycle detection,
import-1c90508d3e209f7c0675a5bb,train,0,"Dispatcher combines compiled overloads, locked compilation, cache and finalizer",
import-1ce1b514fbfb95085d7141f2,train,0,Migration preflight checks top-level reversibility,
import-1d56f337f7af2b7f3211654a,train,0,Recwrap tracks active object IDs and clears in finally,
import-1e5a8bfd0a72ab91b09a986f,train,0,Visitor reuses matchers during recursive traversal,
import-1eb027be8692915d88e257d6,train,0,Auxiliary Kane instance shares the kinematic derivative map,
import-1ed4e7efae97691d63213b2c,development,0,Parallel marker and synchronization primitives coordinate child runs,
import-1eee93e899bdaf49229336c7,train,0,FITS lacks compression decoder,
import-1f304e15b38676509094206d,train,0,Value-table function helper partitions aliases,
import-1fafbf819f860cc855ae0bc9,train,0,transitive_libs=False suppresses indirect libs but retains direct libs,
import-1fe68f4454e2cf101c9e166f,train,0,Estimator display path delegates after response extraction,
import-1ffd12a087fb8ffcd8d5c83a,train,0,Single-item dataclass lives alongside printing fixtures,
import-20c7e039705d85ba8ca6746e,train,0,BigQuery source-unmatched grammar allows update/delete,
import-2128ca52106ba83f6903775c,train,0,Centralized decorator metadata proposal,
import-214e735279e53690253950d8,train,0,Color smoke test asserts no output but neighboring tests do,
import-228dfe7017bcbef5e6cfbe5f,development,0,RPC ABI definitions drive request normalization,
import-23617fdbcc2bc3fff2aafd4f,train,0,Per-resource scanning rather than graph scanning,
import-23faecc2599f9811d2fb75e5,train,0,RunResult converts recognized exit codes preserving unknown integers,
import-23faecc2599f9811d2fb75e5,train,1,Exit codes encode outcomes0 through5,
import-23faecc2599f9811d2fb75e5,train,2,Subprocess run returns waited status,
import-241e31f0666e9c2890e9eb8f,train,0,Timer checks add potential unmeasured work,
import-244ef0a7321a3adb8ec9ee4d,train,0,Stable list indices match sequential value numbers,
import-2505179a3385b7e8b3b70c7e,train,0,Corrected central explanation and coverage of the original question,
import-2516a52c8fbb9da2afca507a,train,0,Metric and sparsity select mean or specialized median,
import-2531c212f45dced30ce4c5b4,train,0,Meson Android resolver constructs NDK tool paths,
import-254d34fb2e1012daa0eb3f95,train,0,Proxy validation failures permit another handler,
import-2591ea49469a2939a6e3f5e0,train,0,Streann token flow maintains client state,
import-25976163f78e3175f9ece212,train,0,Docker transport adapters preserve HTTP interface over Unix pipe and SSH carriers,
import-25b89b4f74cf6e1716e28100,train,0,Nested drag payload conversion,
import-25b89b4f74cf6e1716e28100,train,1,Event uses DragData,
import-25f3e9c0ab67425942f5083a,train,0,No-argument aggregation returns empty mapping without SQL,
import-2603ce382682af3c93448e41,train,0,Hierarchy and ignore behavior,
import-2603ce382682af3c93448e41,train,1,Recursive loading and reverse composition,
import-2603ce382682af3c93448e41,train,2,Final argument order,
import-268cc538309c6cacd996bb20,development,0,Stack replaces variables and merges unaffected indexes,
import-26e776dc85c824f530a3c798,train,0,"Reload resets app reference, detaches module states and clears cache",
import-26ef1cffb0cb5dfc885e537b,train,0,Invalid locate_app cases raise NoAppException through import/discovery branches,
import-275369560076404671ccbe96,development,0,Interpolation retains variable and dataset attributes,
import-27c88e9800690e60af874728,train,0,SVG finalization emits cached definitions separately,
import-27cd34037590c0b98d4d1199,train,0,Workspace collapses editable nodes and aggregates external requirements,
import-28b83a93e91b3fdfaf9fe4c3,train,0,Bearer identity is injected into callbacks,
import-28b83a93e91b3fdfaf9fe4c3,train,1,Only callbacks accepting auth_user get wrapper,
import-28c3e8a144476fa768b63f94,train,0,Body-position sentinel distinguishes tell failure from untracked body,
import-2990875a5b852487638b13f8,train,0,Checker starts worker Threads sharing queues and rate limits,
import-2990875a5b852487638b13f8,train,1,Worker directly inherits Thread,
import-29f14948a0198770ace2e117,development,0,Small distinct construction fixtures do not establish significant bottleneck,
import-2a5efe1fe971140b25385746,train,0,MultipleChoiceField normalizes integers to strings before checking choices,
import-2a6944901f3f3f5146528ccb,train,0,FontInfo carries FT2Font/glyph/metrics to vector or raster output,
import-2a77af89399925f31f9548ad,train,0,Undefined name follows first-level unpostponed self-reference,
import-2abae249aa84a3e55b6bd506,train,0,UUID conversion errors may occur inside transactions,
import-2acb011b61bfe150d6119ec8,train,0,Scheduled navigation event is a typed protocol binding,
import-2b14b76c284694108fb01017,train,0,Subsystem determines path separator,
import-2b14b76c284694108fb01017,train,1,Detection respects scope and bash config,
import-2b51ade18300f08f75f60aea,train,0,Header preparation validates then normalizes names into case-insensitive dictionary,
import-2b68938f4832c48ae2956b42,train,0,Corrected central explanation and coverage of the original question,
import-2b97bc542993df90e0c5135b,train,0,PS mode selects ordinary or TeX renderer,
import-2bb68add52f3d0d976d2c402,train,0,Header mapping normalizes through Card.normalize_keyword,
import-2bb68add52f3d0d976d2c402,train,1,Actual uppercase conversion is Card.normalize_keyword,
import-2bbb422f934a8f7f9d482013,development,0,Unstructured BQM upload compresses serializable fallback then submits by reference,
import-2c352d705596bb466a06fa25,train,0,Separate locked reads/writes do not atomically update revisions,
import-2c86794d0260171bd2aeee8e,development,0,"Globals, counter increment and reset occur in annotation.py",
import-2c86794d0260171bd2aeee8e,development,1,"Tracking uses name-index mapping, limit and child removal",
import-2c86794d0260171bd2aeee8e,development,2,Complexity measurement disables annotation/value tracking,
import-2cd473d74c28806e0acfd8bf,development,0,Index concat preserves pandas representation where possible and reorders,
import-2cd473d74c28806e0acfd8bf,development,1,String restoration conditional on original dtype,
import-2cd6a2da9c1f440f1a4a0ae8,train,0,Corrected central explanation and coverage of the original question,
import-2dc07b7e99a6e10cff9936ba,train,0,Source initialization already occurs once per class setup,
import-2e008fd0effc857cb5eaa555,train,0,Properties differ from cached descriptors,
import-2e33d82a865b9e8b22764c78,train,0,Kick low latency changes segment delivery options,
import-2e972d2e3cde7129e37212b6,train,0,_query resolves provider string and instantiates class,
import-2ec98971fdc7abbb9599adfc,development,0,Mixin delegates dtype shape indexing and derives dimensional properties,
import-2ec98971fdc7abbb9599adfc,development,1,Lazy wrapper overrides shape,
import-2ec98971fdc7abbb9599adfc,development,2,Elementwise wrapper overrides dtype,
import-2eef193fac5272ba2b6fadc4,train,0,Match error has dual exception ancestry,
import-2eef193fac5272ba2b6fadc4,train,1,Validation raises on incompatible component/Var return category,
import-2f228b75418088bf281e50c8,train,0,Activation interface exposes symbolic equations not integrated solution,
import-2f291e6a29b8293818b6f1d6,train,0,Edge integer helper stores positive step and absolute offset for tolerant bounds,
import-2f34a9da46c23b3eea4a30e8,train,0,Tuple derivative dispatch uses pair indices and scalar third-argument chain rule,
import-2f420d1217224f62447475e2,train,0,VSRuntime context derives CMake runtime string,
import-2f62436038689e7a08ed6f40,development,0,DataArray reset delegates through coordinate dataset,
import-2f62436038689e7a08ed6f40,development,1,Coordinates dataset preserves index dictionary,
import-2f62436038689e7a08ed6f40,development,2,Dataset rejects indexed coordinate removal,
import-2f8154dba2e2d8a86dd5724d,train,0,Delete authorization precedes store mutation,
import-2f8154dba2e2d8a86dd5724d,train,1,BasicAuthorizer delegates deletion to recipe write rules,
import-2fa42694820c172f327e517b,train,0,Tuple wrapper transforms first item and preserves remaining values,
import-300d54838daf15294cf91b02,train,0,Blueprint static serving explicitly supplies max-age for its own folder,
import-300de5be57b63f9b6b072a9a,development,0,Tox docs configure PNG and generic layout rather than SVG compatibility,
import-305c458fcdca03858feccc88,train,0,Generated navigation has bounded depth and page traversal is sequential,
import-3060a6df66db3c29deb4e0ff,train,0,Deprecation warning sites and release notes provide matching guidance,
import-3063534b24598db94cc883e4,train,0,Wiener distribution repeats construction but no demonstrated leak,
import-30c73be47da9a60a446793de,train,0,Route test shows replacement not concurrency guarantee,
import-31088d0bb7870f55b93cb0a8,train,0,Plugin blocking is enforced outside assertion checks,
import-31eac5408780f375485d1372,train,0,Category membership determines eligible minimizers,
import-31fa259054670e03aaccc7e9,train,0,Nested prefetch protects existing cached relation,
import-32b13dca143dd8ff9e079b9f,train,0,Morsel expiration prefers max-age else parses expires else None,
import-3309f037e45dac0838651c29,train,0,Categorical colors calculated in explore before legend rendering,
import-3383a928d26a4be88d792b6c,train,0,Classic/modern AutoLocator differ in bin count and 2.5 step option,
import-338c4cc17ad313af94f731c3,train,0,clean orders conversion then validation,
import-33cd52ca6417c1dcc7cacd7c,train,0,Agg renderer cached by geometry and dpi,
import-3444d274f9cae3a319785822,train,0,Runtime aggregation uses arithmetic mean and warning,
import-356b1c9e40a4a1753d801313,train,0,HeuristicGCDFailed supports recoverable GCD fallback,
import-3585fdbf9eb6949cd2d1a51f,train,0,Formset save is not inherently atomic,
import-35a8723fccd9ec1b3bd9ca75,train,0,Plugin metaclass copies inherited collections,
import-35da7acfac96a72b76488f15,train,0,Separability flag yields diagonal dependencies without demonstrating speedups,
import-35e0cd7ab847a000532888e8,train,0,Wrapper invalidates before and after child replacement,
import-3602b1eaeeab78125feb11a1,train,0,Package-scoped fixtures reuse cached results rather than instantiate each test,
import-36260be563ab9a1bfac856a0,development,0,Caching test distinguishes retained materialization,
import-363b8ff66dd7314890a8c06f,train,0,Markup delegates to object protocol,
import-36475bcb5e2621f2e7608d02,train,0,InvalidSchema is catchable as RequestException and ValueError,
import-36bb2877fb98daa82b44ec54,development,0,System session context and per-resource overrides coordinate session selection,
import-36bb2877fb98daa82b44ec54,development,1,Resource control prefers explicit session,
import-36bb2877fb98daa82b44ec54,development,2,Loader obtains session and byte stream streams GET responses,
import-36bb2877fb98daa82b44ec54,development,3,Seekable HTTP stream,Streaming GET is implemented here; seek supports only resetting to offset zero.
import-36d4f43b8fc8a4d753b3acb4,train,0,Rewrite hooks construct identities rather than invoke reverse hooks,
import-373aa29d8b5bfa69b48d18c3,train,0,Controller categories overlap,
import-3758bbb4a5d715e4f1ca46c5,train,0,Setup defers NumPy import for metadata discovery,
import-37cfafe766a4b1e61629d49d,train,0,Conditional render dictionary recurses into ternary operands,
import-37cfafe766a4b1e61629d49d,train,1,Component literal merges metadata from children and own vars,
import-37e12ac8abaadb8d3c8400ef,train,0,Four direct and five indirect production ParallelLoopTrans subclasses form the listed hierarchy,
import-37e1aec09ecb1457fcae3375,train,0,LocalPath rich comparisons use filesystem-path protocol,
import-381108a98da087f9eab5eb8c,train,0,ConnectionError translates transport failures with specialized subclasses,
import-38315f8e603005bb669ba252,train,0,Noexcept facade refactor,
import-38e5b69915296d87bcbe2319,development,0,Optional backend selection and magic sniffing,
import-39154c36039d4d75b70475c5,train,0,PNG emits map while SVG rewrites links,
import-39154c36039d4d75b70475c5,train,1,HTML embeds SVG object versus PNG image and optional map,
import-393d78b8a658d3b26d3671df,train,0,"Fixture wrapper check errors, pytestmark only warns",
import-3950d154749fe63577cf0c0a,train,0,Corrected central explanation and coverage of the original question,
import-399414cd60f51dc7925a725a,train,0,Computed descriptor dispatches frontend representation or computes cached runtime value,
import-399414cd60f51dc7925a725a,train,1,Dirty propagation invalidates dependent computed vars,
import-399de795fd21f4a142b65f26,train,0,Rule fail/pass helpers,
import-39d95e9396abbd507c034b6a,development,0,Skipna selects computation while reduce filters inline,
import-39ebd622269bdc6c8bf9255b,train,0,Grouped field mixin dispatch,
import-39feeb31b2d0a61411fad808,train,0,SSH uses nine pools due to documented OpenSSH session limit rationale,
import-3a37a88a0155ca4965fabbc6,development,0,IndexVariable one-dimensional enforcement,
import-3a5acbc8e87cf599d2b2c6ac,train,0,Definition loading branches on resources and resolves relative imports,
import-3a81650143eee2434dd3a1c1,train,0,Spectral fit chooses graph/precomputed/kernel affinity then embeds and labels,
import-3aa338a411f3814f9fb31630,train,0,Manpage parameter departure,
import-3b032834d5e1807693aafcb4,train,0,Generators excluded from no-return assignment checker,
import-3b1585e72c884016b0904e26,train,0,Namespace instance call mapped to BaseList.create,
import-3b8415527a3c22eba622a258,train,0,AES/NONE/AES transition test,
import-3c01803404a049946f0bc6d9,train,0,Parenthesized declarator applies suffix before inner,
import-3c226b839a191b337414c390,train,0,"Config action selects file/string path, merges namespace and records origin",
import-3c9a62a4f97b39abf81119fc,train,0,Corrected central explanation and coverage of the original question,
import-3d1f799050430b0e0b89003e,development,0,Missing sentinel fill_value,
import-3d8f17f922ccdfc91d1e13e6,train,0,Corrected central explanation and coverage of the original question,
import-3d933c0b7aa19317881b8fc2,development,0,CEKit override loading keeps origin directories and explicitly replaces identity fields,
import-3e1b56e3c137076cff642f1b,train,0,Template regex and _parse_match delegate contextual lookup,
import-3e66f75281102767ac8f1152,train,0,Compiler builds untyped then typed then lowering pass pipelines,
import-3f39a121d8a28c54fca5d810,development,0,Schemas can be inferred then edited before validation,
import-3f70fa7074ff1aebc3e4c007,train,0,show_logs exhausts stream_logs without yielding onward,
import-3f70fa7074ff1aebc3e4c007,train,1,Sibling wrappers consume stream with status/progress interpretation,
import-4019bb0e4ec8167324c60b55,train,0,Blueprint app filters deferred once into app Jinja environment independent of URL prefix,
import-40603cf12997884c409942d3,train,0,"Fusion links temporal neighbors, bounds union qubits and merges",
import-40ab0a818d02f07d2acb3969,train,0,Bootstrap predictions feed confidence bands,
import-40ff1123ddebb741b0e2281b,train,0,Spacing propagation has direct-True exception,
import-4164f03b09f8585dcd52d148,train,0,Metadata-free copy already avoids serialization,
import-41e8dd02dc3d1e169ad44aee,train,0,"Skip expression globals combine built-ins, hook mappings and module names",
import-42094ef70792940aeb437a5e,train,0,Tests import and assert request exceptions while auth redirects use header policy,
import-42cec52322387ba7c0875586,train,0,Corrected central explanation and coverage of the original question,
import-43485ea96059c7f844f04de6,train,0,Process recycling not configured by pool creation,
import-43544c025fdaa9cc2029afcd,train,0,Corrected central explanation and coverage of the original question,
import-4366589f28d5c6e97628b246,train,0,Toolbar insertion uses group separators and positional offsets,
import-43814e069dd5ffd151fa4b4e,train,0,Version is distribution metadata,
import-438a21a2ae2cba97902cb31b,train,0,Logarithmic characteristic hook overrides the generic summation path,
import-43ba4b7d41182c8cb13e3ba1,train,0,Object hierarchy has nine direct and seven Sequence subclasses,
import-43baccb4d50122b674817ed4,train,0,logaddexp sorts arguments before construction,
import-43c5c9ccfb99aaff23c15f64,train,0,Symmetric difference parentheses compare child/parent precedence,
import-43c7ff8e4743c2fe25176be1,train,0,Later conversion types wrap prior edits,
import-4472dde973e9af984b747b45,train,0,Anything chooses greedy terminators from local/context,
import-4485991c91c0846307404438,train,0,Release prep modifies README badges in tag then restores development links,
import-45249a9d7cd81def7bb17466,train,0,Leap-second selection retains latest expiry and stops at good enough,
import-45249a9d7cd81def7bb17466,train,1,Tests observe selected provenance,
import-455e99a1e256fc7647b00a36,train,0,requires cycle checks,
import-457f179a5395923cee9d4c2e,train,0,Upload eligibility and metadata patterns control inclusion,
import-458ffd8ac8b79f910276065e,development,0,Rasterio CRS stored as string metadata,
import-45c370741c488f1730b36857,train,0,"Explicit no_proxy overrides bypass-list selection, not actual connection state",
import-45ebf2152f06a1fe17e788b5,development,0,Chunked group labels/edges requirement,
import-46068ec0186c98b89945cd16,train,0,Environment determines removed/new/changed docs and dependencies,
import-46068ec0186c98b89945cd16,train,1,Builder selects added/changed documents and read mode,
import-46b285409b97d8aaf72bc8f9,train,0,Generated setters provide event entry points,
import-46d164d1fddcedd7c8a72721,train,0,Font allocation does not prove leaks,
import-46f5ce1665470eaa3f16e1d3,train,0,Certificate fallback tries path then adhoc then SSLContext import,
import-470be69fca66775f67deb6af,train,0,Header copy copies each card,
import-470be69fca66775f67deb6af,train,1,Construction copies supplied header,
import-474e033f01808ec6b16c2cfe,train,0,skip_rpath defaults False without options lookup,
import-4763ded2aee9e35bc66c4499,train,0,Distributed queues localize target operations and special-case swaps,
import-4791f7abf2f1072fd839dbd6,train,0,LockableBbox updates invalidate wrapper and recomputes masked blend,
import-47efc403ac14234eca78d3f1,train,0,Chromium helper discovers endpoint with delegated retries,
import-489e64e2d14c758a11a7b746,train,0,Masked broadcasting applies same resulting shape to masks,
import-48c9abe300bb647d3146eed0,train,0,TSQL JSON external file grammar location,
import-497e8b0fa73f92992db09da6,development,0,HTTP request kwargs flow through retries without AWS-specific signing,
import-49809902aa400b161e7c1457,train,0,DurationField chooses native value or microseconds by connection feature,
import-4983d8f203739c93b405e41a,train,0,Session dispatch branch,
import-49ba4958e42790048ef24166,train,0,Parameter-shift recipe precedence is explicit selection over Operation interfaces,
import-49ca4f26b78dabe104a283b9,train,0,Domain generation orchestration,
import-49ca4f26b78dabe104a283b9,train,1,Computed dependencies rationale explicit,
import-4a2942b4e7b57e261e3ba8f1,train,0,Property cycle advances only when a cycle property is missing or None,
import-4a6d5066e06bc9dd2da09bf3,train,0,OpenSSL derivation,
import-4ac69db60f10c68bfb203dce,development,0,Session factory configures isolated sessions for worker threads,
import-4aede424b126a86b3331f326,train,0,Dialect helper checks errors and recursive type/count/instance,
import-4b27ea46cbf0143f17806877,development,0,Rolling only applicable dimensions,
import-4b460d11d949e112498c1765,train,0,Args tests check Basic and reconstruction after constructor,
import-4b4c5329a2c22fc24cdf8405,train,0,Preset wrapper passes nine parameters and routes user path separately,
import-4b548abb7dbcea0f01dbea7b,train,0,EPUB cached identifiers,
import-4bf5aa8929b36861bbfce409,train,0,Protocol annotation does not establish runtime bottleneck,
import-4c744eb48b4b9c0d749a377a,train,0,Corrected central explanation and coverage of the original question,
import-4c8ebe954a3040bb5d4a29b5,train,0,Default positive label applies only to binary classifier,
import-4e0704513cf4685f265c667c,train,0,Qibocal calibration not implemented in this Qibo snapshot,
import-4e45d203c5dee43270902e1f,train,0,Read-only packaged resources differ from instance API,
import-4e5ce44fdeba528fc5d147df,train,0,NotImplemented enables cooperative comparison,
import-4e9b74e94d9bda4d05cc5588,train,0,Corrected central explanation and coverage of the original question,
import-4ea75585a10684810083d7e8,train,0,Allowed characters accumulate in local set,
import-4f1831120b7ec90aba0a8822,train,0,Cookie exemption enum represents protocol policy reasons,
import-4f654066f7ac2657befe7092,train,0,nargs controls metavar formatting,
import-4f82143a47b51d59ceabc0e3,train,0,Context separates same-name host/build requirements,
import-5031b2b7d6c927758f9a940d,development,0,Merge preserves destination scalar properties and image override state,
import-50539ece6dccdfccc93ef5ff,development,0,Corrected central explanation and coverage of the original question,
import-5081c7a07cb61102da8ceaa2,train,0,"Equivalence work is per call, physical IDs cached",
import-508b0d30c967d124813f7b1d,train,0,Response separates raw exhaustion from cached content,
import-50b0c05327e35b47aff71d85,train,0,Bots component transitively pulls physix and vector,
import-50b89d851e4a335b14cd8a4d,train,0,UUID tag restores type and value,
import-50dde77a6e1d529114e9133f,train,0,Extractor registration sequence,
import-510b7119ee691aaff96faf14,train,0,CLI lazy app cache still loads for command listing,
import-5165facb15a380e5e20dda95,train,0,Mask assignment uses a separate view sharing storage,
import-516a4679efc41a78cc0adef3,train,0,Multipart validation rejects string data and combines fields/files,
import-516a4679efc41a78cc0adef3,train,1,Preparation selects multipart when files supplied,
import-516a4679efc41a78cc0adef3,train,2,Test expects rather than prevents the error,
import-51908f53409ef8e2456cb935,train,0,Binary writes allocate and encode buffers,
import-528b2c0d9016f69a22fea98e,train,0,Redirect count raises TooManyRedirects with response,
import-528b2c0d9016f69a22fea98e,train,1,Session.send consumes resolver generator,
import-528b2c0d9016f69a22fea98e,train,2,API helper delegates via temporary Session,
import-52c3e212dce9fc4c4e9782f8,train,0,Discovery is sequential but runner can overlap work,
import-52c886b242167afaa7d80d06,train,0,Prefetch class is test playlist fixture,
import-52d3d31460a797c62480ea42,train,0,Longest match uses strict length improvement with complete-match and terminator exits,
import-52f6741f1734f4c347800dbc,train,0,Concrete subclass checked for unimplemented abstract methods,
import-5326f78f13d9eed3f0ccb19f,train,0,Terminal argument formatting checks accumulated width,
import-5329bca939fd28f40849b205,train,0,Regex searches use page then JavaScript responses,
import-533cf8ea035081a729f35f20,train,0,Corrected central explanation and coverage of the original question,
import-535d769c328871b186aff333,train,0,"MultipleObjectMixin clones QuerySets, falls back to manager, then applies ordering",
import-53601a04918107064022733c,train,0,Cache invalidation has defective literal keys,
import-53606b9e461942e29f7b3dc6,train,0,Context restores output while cleanup is not finally-protected,
import-541ca7fd1b492e9f5907fdd9,train,0,Discovery walks and sorts files regardless of supplied lists,
import-54799689542b60bcbea83e9d,train,0,Coordinate count controls immediate commutator evaluation,
import-54972e376ae4ea2abfed98dd,train,0,LocalPath initializes absolute strpath,
import-54b08cf47a74aa61472a3894,train,0,Malformed REPLACE sequence can fail locally while outer recovery stays possible,
import-54cbdca6f0d633f7c6542dfa,train,0,Runner injects execution and schema then parses produced file,
import-5560f6cdf820314763e9bd22,train,0,Pluto separates API and content dispatch,
import-55b0a97c4c4fa3ceab342e86,train,0,Anchor input normalizes coordinate pairs and delegates remaining arity to Bbox.from_bounds,
import-562008386b1d3ae2a7a1f402,train,0,Blueprint names exclude dots reserved for endpoint hierarchy,
import-5646e91dc2e7b3f401e55a3b,train,0,Stub generator creates missing create signature,
import-5683779b58fedcd276a3ce2a,train,0,CMmedia staged schema composition,
import-5761caea32fe6ff2d4b8eec2,train,0,At-file parser reads collection targets,
import-5820941a82e48bd290697cd0,train,0,Named parameter pairs match test function arguments,
import-5822aa8702215124f14c2b08,train,0,Sphinx configuration generates inspector RST listings,
import-58452135aaf7061a9c0f3943,train,0,Dependency invalidation deletes cache independently of time expiry,
import-584a3d79de6cd1988916e143,train,0,CI responsibilities split across seven workflows,
import-58bfff5b84fffcb8ce8357a8,train,0,FITS stub retained for compatibility,
import-58cadb2010d3a9d51b537cf3,train,0,Test toggles auto_download,
import-58e96b20d7c00de2d98430fd,train,0,find result controls tuple or None,
import-58fb00435ff8c2c0b115179a,train,0,Screencast frame metadata serialization,
import-591d83ece1e38a84e346bc6b,train,0,Setup conditionally constrains Markdown on Python 2.6,
import-594d5d344449d8e5af47093d,train,0,Per-open DASH muxer potential resource costs,
import-5995e3587ce4f00a7b88d7c1,train,0,Ticks delegates auto attributes and renders markers directly,
import-5b009b0c0f46da0ef68686e3,train,0,Python role link processing has per-reference context and normalization,
import-5b0c17ce8a5a26e00af2fb2a,development,0,Corrected central explanation and coverage of the original question,
import-5c466e04c9918eb631c0cc32,train,0,RequestException conditionally derives falsy request from a response,
import-5dd45a2df70b293f78842f8d,train,0,Pickle serializes attributes after consuming pending content,
import-5dd45a2df70b293f78842f8d,train,1,Streaming or cached replay selected by consumption state,
import-5e691f1c73fa131cac1a202e,train,0,Extraction and routing separated,
import-5e691f1c73fa131cac1a202e,train,1,Evaluator builds fixes,
import-5ec985b026ec34830c99489a,train,0,DockerClient wraps APIClient and exposes resource collections,
import-5ed26c4b97f128fc7501d0a1,development,0,In-place dataset arithmetic preserves identity,
import-5f620f2dec3858c4036260ee,train,0,Teachable terminal missing video branch,
import-60456a08ebdf9cc210dd4eb3,development,0,Docker build call has no BuildKit secret integration,
import-604accc461f6f7df4411ffcc,train,0,Scalar conversions gate on dimensionless units and index protocol,
import-6070dbef5616f9b0e1b81356,development,0,Preopened groups resolve through managed root,
import-608536679587551bab88f0fe,train,0,Lint runs pre-commit on pushes and PRs with weekly updating workflow,
import-60e6806998a5b6a20cbebdd7,train,0,Callback contract is static and runtime stores/invokes without signature inspection,
import-60f10fba4e17f899cefa26f7,train,0,Response streaming error has RequestException and TypeError bases,
import-60f10fba4e17f899cefa26f7,train,1,Rewind validates seek and saved position,
import-60f10fba4e17f899cefa26f7,train,2,Response replay guard,
import-610bfed3ebb2260ac674efff,train,0,Version flag enables controlled vocabulary,
import-61119dd3437675675599db61,train,0,Redirect helper depends on login session assertion and default CSRF bypass,
import-6127bc260aa18c1e7d49ab9f,train,0,Register helper before import for assertion rewrite,
import-614e8b37e92c057f02250d82,train,0,Split time parts retain precision,
import-616acfb0a51760eb40b98a01,train,0,Corrected central explanation and coverage of the original question,
import-623fc72e3d6724470c7b4956,train,0,Extra mandatory deepcopy argument breaks expected arity,
import-62534c445cb3c79b509c2a5d,train,0,Lint-fix-lint tests selected-rule compliance,
import-626a4077fae1ce9404836f80,train,0,Context wraps segments,
import-626a4077fae1ce9404836f80,train,1,Tuple query abstraction,
import-626a4077fae1ce9404836f80,train,2,LT09 uses chained queries,
import-62754687cf75112341a70c15,train,0,AST character construction rejects unsupported decoded lengths and parser reports them,
import-6275e02f56a74277a42d67b6,train,0,TYPE_CHECKING guard avoids runtime re-export cycle,
import-62815b023043da7f92e71091,train,0,Pytester item creation precedes mark evaluation,
import-62b175fe5d2d4171168c4362,train,0,Descriptor returns plain callable regardless of owner/instance,
import-62b175fe5d2d4171168c4362,train,1,Checker suppresses descriptor not-callable in class scope,
import-631d2eff63731114bc8fbe2a,train,0,hasmarkup bound in test,
import-6359b8feb174527b953671e8,train,0,Corrected central explanation and coverage of the original question,
import-63788ad64cc80e41936988fb,development,0,DataTree test equivalence limited by fixtures,
import-6415455829303c366ad8ff47,train,0,Any xref lowercases only selected role/object targets,
import-6461126bc6ccd1222f7625b2,train,0,XCRun adds SDK but not architecture flags,
import-64756e21e714396edadc9f40,train,0,Dialect warning shares format and dispatch path,
import-6499bff264a4ce5471ce2427,development,0,LRU eviction removes before callback,
import-64f4132e27c09eeaf9d7a72a,train,0,LayoutGrid shares parent solver and edits margin suggestions,
import-65a1891fa822d671607ca7cd,train,0,Intersection takes strictest lower/upper bounds then conservative prerelease flag,
import-65a2fbcce26ca2301616d77b,development,0,Rasterio CRS conversion delegated externally,
import-661d7757d93ae62508d09dd2,train,0,Complex binary serialization does not cast in binoutput,
import-663562aa85f5980d33b86e52,train,0,AST walker setup and checker scanning incur work without proving benchmark degradation,
import-667d41494071f29d516a169b,train,0,GPC warm start reuses vector but reruns Newton work,
import-6688bc78875d18bf296dffb7,development,0,Tree style character propagation,
import-66f5ff46a671ef64baa2528e,train,0,Fitter base and SLSQP constraint processing locations,
import-67325acf7a6d39b706b5fca2,train,0,Definitions and hardcoded invalidation mismatch,
import-67325acf7a6d39b706b5fca2,train,1,Actual cached names,
import-67e3af3aa9e24ba6727bbc20,train,0,Ordered REJECT LIMIT value and optional ERRORS,
import-67e3af3aa9e24ba6727bbc20,train,1,OneOf cardinality,
import-684874418f7cdcf4b33fee47,train,0,Recursive scan reaches TagBytes decoder through untag dispatch,
import-685a6003896e8843746f4ae6,train,0,Equality uses pairwise scalar operators while spatial predicates use vectorized dispatch,
import-68d4523f07d1cbab924a1718,train,0,DASH JSON deduplication test,
import-69165a26efdf54a3ef60289c,train,0,csch odd coefficients depend on Bernoulli and factorial,
import-693be4e958509777e9562251,train,0,Corrected central explanation and coverage of the original question,
import-697d3ee35f66f6005c502892,train,0,"Parser bases compose signatures, argparse, deprecations and links",
import-69c5853cdbd5a1e19d27170b,train,0,Hook aggregation,
import-69c5853cdbd5a1e19d27170b,train,1,Discovery and manager reuse,
import-69e26ba46fe0b199109594b7,train,0,TensorLike metaclass delegates instance/subclass checks to built-in and optional framework predicates,
import-6a26e8b8371b267e34d1cac2,train,0,serve selects HTTP3 or HTTP1,
import-6a26e8b8371b267e34d1cac2,train,1,Distinct protocol classes delegate HTTP implementations,
import-6a26e8b8371b267e34d1cac2,train,2,HTTP3 runner configures QUIC server,
import-6af0b4540b3975856c3368f8,train,0,Return value is a frame with reference velocity,
import-6b17ca7895a51e63b0bf37cb,train,0,Corrected central explanation and coverage of the original question,
import-6b194bff2d4e291e2874533a,train,0,Meson test package validates CMake-built hello package,
import-6b86a8542b1f719a255eaa9b,train,0,CSV absolute-looking paths use environment only in the specific branch,
import-6b8da9a2f87696fec119a6ad,train,0,Browser identifier factory conversion interface,
import-6bd8c5df2aa4e92796beba9d,development,0,Corrected central explanation and coverage of the original question,
import-6bf30381062c637f49ecb2f5,train,0,IAM checks use limited wildcard patterns,
import-6bf72bdb09136c49cf400fb0,train,0,FakePath.__fspath__ returns stored path,
import-6c48d3945d425c91bf659b58,train,0,Nico websocket integration coordinates lifecycle,
import-6caf0d79919029b2e7f3e26e,train,0,An explicit None return annotation bypasses return validation/conversion,
import-6d623641cda9478bc8cf4147,train,0,Dependency constraints alone do not prove resolver bottleneck,
import-6d68ecd979748f1847974a59,train,0,Globals attributes raise AttributeError while pop uses sentinel/default,
import-6d87cb2e6c40fcbacb1155f7,development,0,Upload uses priority-capable pool with no explicit priorities,
import-6dc2da81340708145f2188d0,train,0,Corrected central explanation and coverage of the original question,
import-6de8bb71306bba0126cedcf4,train,0,Component repr serializes render result,
import-6e0c412519893c0791719465,train,0,KDE support cache does not cache fits,
import-6e10c4f13afd089a82dd9b95,development,0,Provider-specific middleware is appended to outer middleware,
import-6e1691ee7fe846d64e83e420,train,0,SKIP gate at dispatcher,
import-6e1691ee7fe846d64e83e420,train,1,Formatting separate from verbosity,
import-6e943669aae98abc2b848e34,development,0,Corrected central explanation and coverage of the original question,
import-6eb252a9807d12bd2e517e08,train,0,Early rewrite bailout gates spec lookup,
import-6f8cdd07160337b5eb598b40,train,0,BOM detection precedes null-pattern detection,
import-6f8cdd07160337b5eb598b40,train,1,Tests cover implicit encoding and explicit BOM cases,
import-6f957e292cef1330f281c89d,train,0,Multi-get invokes independent nested lookups,
import-6feca8b1665f61ec6f045bdd,train,0,Import cache keyed by module name not physical path,
import-70f574ef3d0364c9966d1535,train,0,Direct nested traversal without documented schema rationale,
import-7119bd32bbc02a3f2760f27a,train,0,Slow playlist reload skips wait,
import-7179f24c607ffda8c3848ea6,train,0,make_config substitutes instance_path when instance-relative,
import-71d4d03cae99337aaa2ec333,train,0,CLI tries registered/plugin commands before app command group,
import-721ac1a2f9bb10c32d99fb87,train,0,Python object search order differs by mode,
import-723a7189ef96c65dbddbfa8f,train,0,Range platform resolution changes version but not revision,
import-7284ea763c016c3c59a0002e,train,0,Internal error lines each receive prefix,
import-72aff38709772db5f23e0772,train,0,sip_compute shifts pixels by crpix before evaluating polynomials,
import-72b8d8c83c8e3f87c2c31c35,train,0,Sparse nearest-neighbor embedding warns and switches to RBF,
import-72bb083ccf26445bda20e838,train,0,MethodView supports async handlers via ensure_sync,
import-72d85443ca2d9caa2dd90758,train,0,Documentation example returns even item or prints after loop completion,
import-72d85443ca2d9caa2dd90758,train,1,Checker flags else without early break,
import-7318b2894e8550d08fc091e1,train,0,Version1 pointer suffix immediately raises and other versions concatenate inner then next,
import-731c605f25721122eff417f6,development,0,Dimension strategy delegates constraints,
import-73b93f0a5cfce972e6e03cb4,train,0,Person has two nullable self foreign keys with SET_NULL,
import-73f308b613654741593e4884,train,0,Corrected central explanation and coverage of the original question,
import-744fe693da73e6ef247fa831,train,0,Failed expired-lock unlink returns False,
import-7453d326f08b9fc6b3c6253b,train,0,Intrinsic transformations share algorithms through subclass-specific hooks,
import-74bd588a89ba4be7e7240c9f,train,0,Annotation tags map IR source lines to CSS classes,
import-74bda56d926ef4560e3b4c41,development,0,String operations specify output dtype,
import-75067f6e8485dbf168747a9e,train,0,Corrected central explanation and coverage of the original question,
import-751386c0e3d4bd674d6ddd0e,train,0,Corrected central explanation and coverage of the original question,
import-76323dd02cea0964008b7263,development,0,Corrected central explanation and coverage of the original question,
import-7660d4151be40b9f8de022ac,train,0,Drop replaces estimator entry then validation handles sentinel,
import-76b862fd08e6b8d5cfa6f47d,train,0,Extensibility uses singledispatch schema types,
import-774e6143baa89afd72d7ffdc,train,0,Selector reuse avoids fit but support mask still sorts,
import-777dde0184a6d7f4f0cd1b22,train,0,Prepared URL preserves auth component,
import-777dde0184a6d7f4f0cd1b22,train,1,Authentication falls back to URL and applies handler,
import-777dde0184a6d7f4f0cd1b22,train,2,Extraction unquotes username and password,
import-777dde0184a6d7f4f0cd1b22,train,3,Basic auth header is set,
import-783e928a3c75c32dfd207f30,train,0,PassList delegates each mixed item through serializer.tag,
import-7848efdcebd046b062320a67,development,0,Attached coordinate representation and validation,
import-788dfcdf0987b8c1c5905128,train,0,Hy source hook and checked-hash bytecode do not prove wheel-specific recompilation,
import-789879cccc3b20671fe7cee9,train,0,Computed dependency registration location,
import-78bca87934b9dbeb04ab5a17,train,0,Parallel IR is created in typed passes and lowered via extension,
import-78be3db0a17c279b33383e34,train,0,FITS identifiers and absent compression constants,
import-78ed33c222534d24ac66f92b,train,0,"Twitch low latency changes live edge, streaming data and prefetch handling",
import-78f981947157f3fc68935c03,development,0,Corrected central explanation and coverage of the original question,
import-794a3c10f661abd4d90475e2,train,0,Runners inherit BaseRunner and dispatch format-specific parsers,
import-79731e26e56a687a34e7b564,train,0,Dynamic wrapper introspection and context-manager patching preserve fixture compatibility,
import-7981c7968d61b06d4ea8b4d7,train,0,DASH timeline child or inherited fallback,
import-79a9e4122df26a7d4134f056,train,0,Factories differ in ancestor cache use,
import-79a9e4122df26a7d4134f056,train,1,Cached ancestor list,
import-7a27d85aae27e3df1afac2c6,train,0,Access collection recursively visits children,
import-7a44b24f12a20b78f8f0c5f5,train,0,URI hash path separates names and enables conditional repeat downloads,
import-7a5ec3af3b744877a8bf6075,train,0,Dual exception inheritance,
import-7a8e5fce8ed60429423f422d,train,0,Corrected central explanation and coverage of the original question,
import-7ad8ddd5d0a532fc3a120a6c,train,0,List route return is covered by ResponseValue and both checker test paths,
import-7af09323ca92e00c556d4551,train,0,Shared-axis test guards hidden labels after tick repositioning,
import-7b1946360dfbdfd9e31b6153,train,0,Progress formatter divides remaining space and invokes callbacks,
import-7b5af2c59e7c62c1afe6e116,train,0,Custom tokenizer bypasses regex compilation and group validation,
import-7bf646ef24fe854870baa488,train,0,NamedTuple fixtures exercise union syntax with and without postponed annotations,
import-7bf646ef24fe854870baa488,train,1,Older version fixture expects unsupported operator in NamedTuple fields,
import-7c4badf82e8577dbcd4566d4,train,0,Catalog test independently traverses PO and MO files without timing evidence,
import-7c700b38e0ebd554d85a122f,train,0,Autosummary skip event has true false and default filtering outcomes,
import-7ccf6a499279f87d141123ad,train,0,Corrected central explanation and coverage of the original question,
import-7cfe9cbd7568ff28b7cc98f8,train,0,Return annotation resolves the prior class-body Coords binding,
import-7d27deae95f6aee34f12862f,train,0,Masked bits warn in converter output,
import-7d32415b82cbe00f47ca2acb,train,0,Multipart normalization handles metadata tuples and file-like reads but never opens string paths,
import-7d4e168f01dd3c8b1487c10b,train,0,Decryption requires PKCS7 with16-byte block,
import-7d55f5562735764e888f0f8b,train,0,Three angle helper returns input converters and radian result unit,
import-7d6823707be2576b35564920,train,0,diagonalize_vector constructs then evaluates DiagMatrix,
import-7deb7f42137335445fb9c198,train,0,HTTP exceptions are classified and container model handles image lookup or exit failure,
import-7dec6dd59552d0a40765e7aa,train,0,Static sorting helper groups stateless templater operation,
import-7e1b4bf14bb8f1d7b12281d5,train,0,Websocket error event deserializes typed fields,
import-7e2e06be442335ea6548835c,train,0,Test does not isolate linkage performance,
import-7e9601f2c55029f2e6026b90,train,0,Bar super init resolves through empty Foo to object,
import-7eaf5787c9b91b425422350c,train,0,Helper location and contract,
import-7eaf5787c9b91b425422350c,train,1,Dialect test delegates,
import-7f49aee22c25bd9c0f8b207f,train,0,Extractor args are parsed into lists,
import-7f7fb5e8a5e6c2cd6981ceaa,train,0,Relative max-age becomes absolute expires,
import-8009ef17ed6641b7c2042bbb,train,0,Catalan conversion uses ten guard bits but source leaves exact rationale unresolved,
import-801079e1be71efa57bf1f97f,train,0,Docstyle extension checks initial newline in raw docstring,
import-8027307847d605d0e9246890,train,0,Bad tuple-length fixture accompanies correct and ambiguous cases,
import-8027307847d605d0e9246890,train,1,Checker validates tuple size then element types,
import-802ac921f87b8addde5b16f7,train,0,Skip result separates evaluation and execution,
import-8067202b59802400f5895cb1,train,0,Table toggle spans generated checkbox handlers and JS colspan/cells,
import-80e0bd535d2dab28c20b2941,train,0,Corrected central explanation and coverage of the original question,
import-80f76ce045575a9e5c2cea91,train,0,MockResponse discards getheaders result,
import-8105484f8eb45e656f780a50,train,0,Proposed predicate/consumer helper preserves for-else exhaustion semantics,
import-8122e9cc13005428fee983ae,development,0,System registry and discovery delegate factories to plugins,
import-819acbbe82bad7f50db44ec1,train,0,Nose marker safe lookup and strict identity,
import-81bc9bf81eab283b29478b41,train,0,Macro ID delegates to associated symbol nested name,
import-8256ac589aed18728dda2aef,train,0,Corrected central explanation and coverage of the original question,
import-826043763a899130635fdcb4,train,0,Slot delegates native slot rendering,
import-8297bff783c0488a6594d31f,development,0,Complexity checks fit step deltas and select lowest residual with EPS,
import-83110e323c2efed311cc105b,development,0,Context collects traced values then wraps footprint and evaluates references,
import-8363c002d98a6fbfa76ec336,train,0,Fixes preserved and serialized; conditional positions promoted,
import-8363c002d98a6fbfa76ec336,train,1,Signature distinguishes raw/source edits,
import-83a042c74cb587a4ceb41a5c,development,0,Corrected central explanation and coverage of the original question,
import-83c45ff1b695efe2c6622d0f,train,0,Parallel availability restricted to POSIX,
import-83c45ff1b695efe2c6622d0f,train,1,Builder gates read and write paths,
import-83c45ff1b695efe2c6622d0f,train,2,Read threshold and extension safety apply,
import-83c784fed1a971b820ffbec4,train,0,Colorbar draw-all orchestrates values mesh extensions ticks and solids,
import-83c7982eff348d996687a28c,train,0,URL detection checks Accept-Ranges on a normal urlopen response,
import-84b03ba4886f9348f881c038,train,0,Config.from_object reads inherited uppercase attributes through dir/getattr,
import-84c901ed4005931ea617ed3c,train,0,Corrected central explanation and coverage of the original question,
import-84eb8ec127206833fada12d5,train,0,Regex filter delegates matching to subclass pattern,
import-84eb8ec127206833fada12d5,train,1,Tokenizer composes configured filter classes,
import-85319bf30f135515b36162fa,train,0,Concrete protocol implementer has ellipsis init and child expected diagnostic,
import-85319bf30f135515b36162fa,train,1,Protocol predicate checks only direct protocol bases,
import-85319bf30f135515b36162fa,train,2,Uncalled concrete initializer produces diagnostic,
import-8537a12d6cb0b794eb77a8d5,train,0,RealElement combines numeric implementation and parent domain,
import-859938b31ac8420808074bdb,train,0,SQLAlchemy-inspired fixture tests inference rather than large database runtime workloads,
import-860809fc71bc5535bfa6c36a,train,0,Redirect clears body framing with rewritten body,
import-868376bc591f2713af89da07,development,0,Travis runs coverage then uploads via coveralls,
import-86af6df9e0aec46c0c8b4ab7,train,0,Exception usage pipeline dependencies,
import-86e86ea76209f61f907f1726,train,0,tmpdir conversion failure propagates,
import-871c8cadb652aef41ef2c0c8,train,0,Corrected central explanation and coverage of the original question,
import-87284dbb640a5fec7e8cc9c7,train,0,URL asvar suppresses NoReverseMatch and assigns empty string,
import-87c5ca19ae578a5cf219738a,train,0,Corrected central explanation and coverage of the original question,
import-882cc6b0f9735091d2bd30e5,train,0,Invalid children raise location,
import-887e0169f5cf34c4373be9f5,train,0,Hive ROW branch allows optional datatype,
import-8880fe60d348fb42ba9caf18,train,0,Fit counter tests target regressor specifically,
import-88ae41d6157ce3b0b758dee8,train,0,Basic authentication subclasses a keyword-injecting authorization plugin,
import-88c850cee4fae8ee2688805c,development,0,Corrected central explanation and coverage of the original question,
import-88edf39b33de0976c741abee,train,0,Kick test writer combines evented and service writer inheritance,
import-8924de6cee1bd80f03e07152,train,0,Nested safe repr fallback not infallible,
import-892c962a8c7a05aa0c90835c,train,0,Indent string propagation,
import-897afbb814dd1dee6c1ae1ed,train,0,"Build reads UTF-8, processes text and encodes output UTF-8",
import-89ee261aef574400411cc2b6,train,0,Parquet attribute conversion uses to_pandas defaults,
import-89f132eab20a4e4d332ec777,train,0,Detail and model-form mixins compose independent object/template/form concerns,
import-8a1b4bc29f4fbb3746430985,train,0,Analyzer does not classify documentation-only execution,
import-8a21e83c420ca7de27c9d4eb,train,0,Formatter compatibility requires preserving arbitrary fallback,
import-8af532747c865c94110a9943,development,0,Overloads filtered by name argument count and encoding,
import-8bbd6b6d2f0243327dfae960,train,0,Flask runner injects ScriptInfo callback then delegates to Click,
import-8bd8d955ab21428398dda7c2,train,0,_MAP_KWARGS lists direct map options and removes them from remaining kwargs,
import-8c644074cd4e2351d243b4a1,train,0,Dependence analysis costs depend on access sets,
import-8cf10c0c4a274c5334fe19a0,train,0,Parallel apply validates before mutation with optional dependence bypass,
import-8deba21ecfe58c872a8456d6,train,0,Tick visibility branch uses major orientation for both tick kinds,
import-8e518364bbd6f1e3d3114832,development,0,Tox reuse compares saved creation config and optional dependency subset,
import-8e6c3d3d1c2420ab958e4019,train,0,BaseAdapter cooperative super call,
import-8ed00ecf9c50f52fe8c7d8fd,train,0,TLS builder proposal preserves optional verification,
import-8ef0e1b957a22b443baf00d3,train,0,Corrected central explanation and coverage of the original question,
import-8ef586137057756015b39d33,train,0,Explicit Kronecker conversion conditional canonicalization rule,
import-8f22baed8bc14544d72b7e73,train,0,Central validator creates constraints and raises when none pass,
import-8f22baed8bc14544d72b7e73,train,1,Exception dual ancestry is deliberate compatibility,
import-8f3b3367fe7626a04434b5a1,train,0,Auth follows body and hooks append afterward,
import-8fadaa46ebcbc01e44c5e1a0,train,0,Class index text interpolates translations immediately,
import-8fc8904e927b10aae810619e,development,0,Session cleanup lives in cache helpers and websocket context wrapper,
import-8fe9c930cb14735ab568ea01,train,0,Dirty flag expectation tested after cache get,
import-9090a5ee6e510bdbc8a36db1,train,0,Parsed version stores full components and precomputes sorting key,
import-9090a5ee6e510bdbc8a36db1,train,1,Post/dev properties extract number while pre returns tuple,
import-90c91cd2593ecde373cdd1cc,train,0,Autotools flags aggregate reversed host topological ordering,
import-91513317ac2f27c08a69449a,train,0,Explicit dotted init checks immediate ancestors,
import-919b8d05641cef0ae17e04c2,train,0,Install call triggers compatibility exercise but assert is vacuous,
import-922429dea6833879b432a9db,train,0,Hashing is demand-driven and cached; operator performance requires profiling,
import-922d4c14d36f069b3d9ec937,train,0,Docstring check layers module/class/method discovery and aggregates errors,
import-92d425e576a2fba2280026c1,train,0,State-context detector validates static app,
import-93990936cb40a5b0c2b44781,train,0,Selection at initialization and instantiation in get_formatter,
import-93d76cc7835d29839157f2fb,train,0,Python 2.6 Markdown bounds conflict between install and test requirements,
import-93dbd2c63ceae301bb0818a7,train,0,Test checks closed contours and separate hole subpath,
import-93de04c45a26c85f844aef7b,train,0,Nested iterable scan infers shape and rejects ragged inputs,
import-93e9e3a3453936f2f11a192d,train,0,Filtered update compares cached revision to older remote,
import-93eda4a7f7ffd5a5284b0cbf,train,0,FITS plugin registry compatibility override,
import-940cd574b0d1005a474cdd75,train,0,Commentary unique behavior compares values instead of simply dropping duplicate keyword,
import-94620d5fb20f2de7beb24daa,train,0,Sequence introspection checks metadata/linkage rather than provenance,
import-9465cff51c9989ebc615a4cd,train,0,Corrected central explanation and coverage of the original question,
import-94920f727a546ae394c8954e,train,0,Difficulty buckets modulo1 then sums paired shifts,
import-94925ac57df1a1c29f153eaf,train,0,Plugin matching tests use reusable parametrized cases with independent data,
import-94e3e635bbb4697abde55464,train,0,Dispatcher inspection delegates to compiled library with signature-specific views,
import-9570ddc21f7323cb67aa7d5c,train,0,Credential helper overrides default store with auth fallback,
import-95eed9e6fa66f96180165c51,train,0,Lazy SHA-1 delays attribute resolution until callback execution,
import-9626dedaeacdde487dc32607,train,0,Numeric input event annotation location,
import-96a7c2e8468752a573783483,development,0,Substitution uses stack and iterative fixed-point replacement,
import-96e05f6078a9243ca7183ae5,train,0,Type guard precedes field equality,
import-9701f44e1692a89b3ac45607,train,0,CIDR parameter-dependent branches,
import-9727687cbe94d470df0524fb,train,0,Hidden traceback modules resolved to paths plus frozen identifiers,
import-97b3c55fbe0d770d9d0d6e34,train,0,Corrected central explanation and coverage of the original question,
import-97d8cfcaabe57eeac5e0c36d,train,0,Logger uses configured encoding or None,
import-9802de50f1c951e1213e045a,train,0,RST parse repeats mutable transform work without measured bottleneck,
import-981df91fa181d8c0ff6d88d4,train,0,Context composition,
import-981df91fa181d8c0ff6d88d4,train,1,Base inference,
import-981df91fa181d8c0ff6d88d4,train,2,Undefined behavior,
import-9849d0d3f477df75b60eba14,train,0,Query.add_q is patched directly for deferred filtering test,
import-9871e93f4251108030a47bb6,train,0,PassDict recursively tags values while leaving keys untouched,
import-98b6341d9f05303ab1fcdf6b,train,0,Hash mismatch raises ConanException with supplied and computed signatures,
import-994d9447e1017b59169f8976,train,0,Static reconstruction check does not measure GC effects,
import-9970bf97035c8e666a8a5487,train,0,UNC normalization replaces separators and lowercases for Cygwin without drive prefix,
import-99763edafd9e0fa7471f6ea5,train,0,Operation display explicitly extracts enum value,
import-9a5a10dd72fcb2146da22387,train,0,Loader resolves internal/external graph dependencies,
import-9a5a10dd72fcb2146da22387,train,1,Graph validates missing nodes and orders parents first,
import-9a63abff5e099a311b325447,train,0,Session modification flags provide no cross-request synchronization,
import-9af5bd08ca046158c470a2b2,train,0,HelloDirective returns paragraph node list,
import-9b15cd0e2e062e402dd64314,train,0,Corrected central explanation and coverage of the original question,
import-9b4b40d4c7f6a05373ec55d7,train,0,Corrected central explanation and coverage of the original question,
import-9b52f40cc49ee6339179e81f,train,0,Launcher ultimately calls Bottle.run to start serving,
import-9b7f614e174db3236d68bd50,train,0,ParsedVariant optional tree retains diagnostics,
import-9bf889d14b884ea533ee5165,train,0,BaseResponse merges content_type then user headers with extend,
import-9c6f94f3be7d78bfa44b0e50,train,0,Model check selects restrictive eligible database limit,
import-9cb0681e71852f70241c9c8e,development,0,Pinned client uses a single configured endpoint,
import-9ce914df6059b4a8894dc349,train,0,Relative path cache computes on dict miss,
import-9d0221def4ca7d5d5181c821,train,0,Direct property bypasses named lookup,
import-9d0221def4ca7d5d5181c821,train,1,Mixin lookup,
import-9d6847f23a7ae3108a173ffa,train,0,Document template output compiler dependencies,
import-9d68e5be3114982aa71d0196,train,0,_ValidHDU separates checksum-capable non-corrupted HDUs,
import-9dd0fade4b6a864a514a1e7d,development,0,Test environment filters passenv while setenv applies to both modes,
import-9ef6839209e177ee0b789c96,train,0,All mode aggregates logs plus stdout separately from stderr,
import-9f57a9f5e2784a78f4971602,train,0,NDimArray is convenience concrete factory,
import-9f6a34e2a62a12135e9b52ed,train,0,Spacing precedence truthy cascade,
import-9ff163b78e5dbc3df37a03f4,train,0,Jinja modifier boundaries,
import-a0217123c989a3104b83a176,train,0,ContextVar selects independently created g objects but does not clone shared context,
import-a024a3c06872fce52cb804ad,train,0,Library module execution requires trusted-code boundary,
import-a030935bc12b7aa9dbcb410d,train,0,Formatter convenience wrappers preserve type separation from locators,
import-a03334ace499931cc91cbe7b,train,0,Infinity comparisons are specialized sentinel behavior,
import-a05c01466b12dfd85c07b4da,train,0,None explicitly clears cloned select_related state,
import-a0f1095757c3d175a7faa82e,train,0,Scorer cache local to scoring invocation,
import-a0f7771e25a4b68fc3a6a2b6,train,0,Center property dynamically transforms data coordinates,
import-a127eacbac33c04cd42dc110,train,0,Weak shared view cache clears related caches without retaining instances,
import-a12fbbdbe53dec0e9b3dbecd,train,0,Corrected central explanation and coverage of the original question,
import-a136b5b7d111041c2be44e91,train,0,Stream/file exclusion is implementation limitation,
import-a17f25d41a414ef41aadceb9,train,0,Antena7 URL tests cover syntax rather than a channel whitelist,
import-a1c330b35030b4338aab1cf4,train,0,"Setup customizes bytecode, entry points and version",
import-a1ccbdb06697a722f98578e4,train,0,Field deconstruction has bounded attribute scan plus recursive argument work,
import-a1eed3ff9ae87b27f4714f00,development,0,"Priority pool is multipart, not quantum submission worker system",
import-a2536b78871228e0df89b96e,train,0,No parent association raises MissingDataAssociationException,
import-a272146f2dee703eb410045b,development,0,DependencyHandler owns core dependency definitions and dispatch,
import-a27886834018044ff816c7d4,train,0,Named login redirect requires resolver configuration but no prior request/test,
import-a2cbfd4b9a61a1d0baf2a087,train,0,Render style converted to css prop,
import-a2e2753b66b478645da990ce,train,0,Drop view optional grammar clauses,
import-a322ec379eb5deb49b538467,train,0,SVG glyph coordinates scaled to integral FreeType units and inverse transform,
import-a339824c4064e23a7485f942,train,0,Unused BitGenerator imports expose optional generators while PCG64 is the default,
import-a339824c4064e23a7485f942,train,1,Tests exercise imported BitGenerator types,
import-a38d8c6a4c053daff0d79957,train,0,Import resolution nests container symbol and scope scans,
import-a42f31c1342a9ba178a03431,train,0,Unset layout capabilities raise before successful compatibility switching,
import-a45e93524537e67d48e5fcc7,train,0,Cascade collector gathers dependents and schedules dependency-first removal,
import-a46f6d512ea50e905597fe19,train,0,Non-slotted ancestor and __dict__ exemptions,
import-a49656155026840884a29387,train,0,Pandas Series regression compares with numpy convolution,
import-a4f671a8d170db8bd6760b6e,train,0,Font setter synchronizes font_class for standard styles,
import-a547458bbe75b9aa72f098bd,train,0,TFIDF parameter warning does not mutate dtype,
import-a5b0f4e248d63786cb1a7903,development,0,Corrected central explanation and coverage of the original question,
import-a625b2709474cc6ce0247883,development,0,Methods injected with setattr on subclass creation,
import-a666fd6c53a422b90e1b55ea,train,0,Enum sentinel distinguishes omission from None,
import-a69662943caec60bbf09edf1,train,0,Streaming wrapper pushes captured context and closes iterator,
import-a69662943caec60bbf09edf1,train,1,Tests check request access and custom close,
import-a7208c74b034957e4b6f4784,train,0,Render state gates iteration and content access,
import-a76fd9f4eb74ea9d6f9d4eb2,train,0,Dask hooks delegate magnitude execution and reattach units,
import-a772a354414444d17bb38bae,train,0,Tag decorator registers metadata during class construction rather than per-tag execution,
import-a7acedd96acb00285642ade2,train,0,Compilation exception and cleanup,
import-a7ece8e0f62b048d799ecf9a,train,0,Identity spline coefficients extract basis,
import-a80b5d2b022efb16ab0950e0,train,0,cond emits if while reuse branch checks if*,
import-a80b5d2b022efb16ab0950e0,train,1,Statement branches create temporary assignments,
import-a8ce2b719b0e88532d6755fd,train,0,Corrected central explanation and coverage of the original question,
import-a8f747280d42026c88700cfb,train,0,Fixture retrieves registered TerminalReporter instance,
import-a939417f297b866b74d477e0,train,0,Root consumer loader branches between Python and text loading then creates a graph node,
import-a9565567dee2e1a2827ac5fb,train,0,Symbolic relational bool rejection,
import-a9fc9efa3e7bbf21ae1eb14d,train,0,SELECT index helper does work without proven allocation bottleneck,
import-aa0876fa2b0671d67b3e4510,development,0,Indexing dispatch does not prove quadratic cost,
import-aa1108f825baba2e331398d1,train,0,Compilation invokes macroexpand before expression lowering,
import-aa1108f825baba2e331398d1,train,1,Engine resolves macros and iterates expansions,
import-aae1c9c95db1dde20fb6d88f,train,0,Tensor contraction preserves positional free-index order,
import-aaeb63954dae3a661c8a99b0,train,0,Session/request cookies merged into fresh jar,
import-ab3b7c4537df54e0e07fc7f7,train,0,Default files extract keyed subsection before merge,
import-ab4db8ead9fe0ddfcfa7d333,development,0,Corrected central explanation and coverage of the original question,
import-ab6e4a25593aa93c9a2c8eff,development,0,Conflicting non-None fill values rejected,
import-ab775e75b5173b9102d26f5b,train,0,Typed keyboard data becomes key and modifier Vars,
import-ab79b580dc1d6a4a8e7d9d52,train,0,Abstract base and concrete URL method follow ordinary inheritance,
import-ab79b580dc1d6a4a8e7d9d52,train,1,Generic editing redirects via get_absolute_url fallback,
import-aba43394bd84208f58b18887,train,0,Native string conversion implementation,
import-ac11a79fc44d813d9acf463d,train,0,Plot coordinates callable stats moves scales and marks,
import-ac25b94e0cc9358260e3bd66,train,0,Pattern matcher location,
import-ac2d6bb073610ff000951cad,train,0,Base dynamic bracket lookup,
import-ac2d6bb073610ff000951cad,train,1,Ket formatting attributes,
import-ac791a2632040cfe3bd3203b,train,0,Yield reads prior assigned value,
import-acf27031026a9e7b6bdfe2ac,train,0,Caption container uses direct visitor,
import-ad62e8857aa4109c3291b81e,train,0,Formats use lexicographic preference tuple ranking,
import-addfe691d348e020fddb5945,train,0,Consumes deque to exhaustion,
import-addfe691d348e020fddb5945,train,1,next removes leftmost line,
import-ae7e313ea85b55938194f7fa,train,0,Environment parsing recurses and validates but does not prove repeated AST work,
import-aeae9cb64c2e88cd16433625,train,0,ValidationError centralizes formatting without eliminating copying,
import-aeb7dd01a07689a657eedb9c,train,0,EPUB cache reset separate from persisted environment,
import-aec47254c7b579244c2b0385,development,0,ApiServer uses Flask routes and Gunicorn application,
import-aecd21d2b4d6aaa5cb9869c1,train,0,LogQuantity supplies LogUnit and leaf types override it,
import-aeee82d6ae99e6f31875f273,train,0,Docstring type documentation checks,
import-aef32c6831d57567c69c3f1c,train,0,Corrected central explanation and coverage of the original question,
import-af0ae4ee30f11b34dfeebcd3,train,0,Alpha fallback catches lookup and execution AttributeError,
import-af0bea45befe058b4862c1c4,train,0,Case folding per operation creates unmeasured cost,
import-af585e7dd651662a56afa2ec,train,0,get_wrapped preserves argspec for fixture injection and special-cases wrapped functions,
import-b04ae6e1b695f33eeae9e5d2,train,0,Normal worker restart sequence is synchronous,
import-b19e6dd8d190c5f455e0e65a,development,0,Corrected central explanation and coverage of the original question,
import-b1a8fbb5372b5ed05356b362,development,0,Parallel handoff precedes tracing at Process.start,
import-b1e8c2de4831f28e545d953f,train,0,EventHandler bound on instance access,
import-b2d83fd2d402f086620f371d,train,0,Corrected central explanation and coverage of the original question,
import-b2e1c03e21b3142015d8113a,train,0,BigQuery FOR query before body,
import-b2f9efff3579ee2b64061a4e,train,0,LiteralStrKeyDict inherits Literal and NamedTuple rather than DictType,
import-b30339df2708dcc96d90409d,train,0,Corrected central explanation and coverage of the original question,
import-b348a53f091aeaf41581e3f4,train,0,Compatibility checks warn rather than use exception validation,
import-b357fe75a8cb8c6c10f1d4a5,train,0,Linkcheck builder uses checker in finish and reports failure status,
import-b357fe75a8cb8c6c10f1d4a5,train,1,Collector post-transform stores event-rewritten URIs,
import-b357fe75a8cb8c6c10f1d4a5,train,2,Checker and workers provide threaded network checking,
import-b3a3034800814aaddeb67f0d,development,0,Three-way expected dtype mode,
import-b3d1dd7177e62157bd6db590,train,0,Different wrapper protocols,
import-b3d1dd7177e62157bd6db590,train,1,Concrete ellipsis comparison,
import-b3d1dd7177e62157bd6db590,train,2,Display wrapper,
import-b47190d3a7f08a607a84569b,train,0,Type summary prunes irrelevant subtrees,
import-b4bd4d91f4d0e12cd83fdee1,train,0,Corrected central explanation and coverage of the original question,
import-b540725ea9fddfe637d314c8,train,0,Bytes are base64 encoded and decoded under a dedicated tag,
import-b540725ea9fddfe637d314c8,train,1,Registered tag is decoded recursively,
import-b553f973255922da9fb70a31,train,0,Changeset domain records versioned entries and registers directives,
import-b553f973255922da9fb70a31,train,1,Changes builder groups selected-version changes and writes HTML,
import-b576bfacdb0f93b25551bc54,development,0,Corrected central explanation and coverage of the original question,
import-b577be473bd59bd6f68b7117,development,0,Corrected central explanation and coverage of the original question,
import-b58cc28fd96964f1ca2b0f39,train,0,Separate fixme regex construction and compilation,
import-b5bc934fd5189ab25b53562b,train,0,BigQuery search-index grammar,
import-b6580d8dd346d6ba320ab8d5,train,0,Ellipsis class/function branch shared,
import-b7ad5de2757dedec24b6e416,train,0,Inline configuration then list synchronization,
import-b886dccbfa355d52998c7a80,train,0,HTTP header parser builds Request,
import-b8a5cb138ed333fb99423b5b,train,0,"OuterRef resolves nested reference by unwrapping, otherwise creates ResolvedOuterRef",
import-b8a9792985c01575ecd7878f,development,0,Dask vectorized indexing has narrow fallback,
import-b8b2ff405066d0b29d909b7d,train,0,Property doubles nonpublic value without access security,
import-b8bd4cfe9d85ec4625d95d88,development,0,Corrected central explanation and coverage of the original question,
import-b901a330fedf8ee104c2dfc0,train,0,Worker errors preserve traceback but bypass replay,
import-b92cfba25135f714fce94cbd,train,0,Registration flag blocks subsequent setup,
import-b92cfba25135f714fce94cbd,train,1,Registration sets flag before deferred callbacks,
import-b981f9bac23687dd32ae162a,train,0,Diff callers explicitly select diff lexer,
import-b986885d44dc9d7c66e6b565,train,0,"Path layers address configuration directories, separators and contextual URLs",
import-b9e8d3e82a85ccda2bcc883d,development,0,Deep copy isolates bins mutation across reuse,
import-ba0d7851c915dd194a1d19ae,train,0,Private-import lazy annotation flag,
import-ba2e9fa24eaea07f9f99f6db,train,0,Bootstrap centralized in algorithms and consumed directly or through EstimateAggregator,
import-ba389356544f865148a12b55,train,0,Propagation defaults to debug/testing and otherwise handles 500,
import-ba46dce8cc24b115ee441c4d,train,0,Doris LIST already supports bracketed literal groups and RANGE has separate references,
import-ba4bde9b48c1622df7603686,train,0,Events delegate collector lifecycle,
import-ba4bde9b48c1622df7603686,train,1,Download tracking and setup,
import-ba4bde9b48c1622df7603686,train,2,Mapping merge semantics,
import-ba89bd3daaa09457e6d808d9,train,0,Exptrigsimp can be tested independently,
import-baaecee5df6e1a5cefa7b49c,train,0,Shuffle split template hook,
import-bac26a4bba005d9f25926fb9,train,0,Dependent/independent homogeneous checks,
import-bac26a4bba005d9f25926fb9,train,1,Reciprocal and combined checks,
import-bac26a4bba005d9f25926fb9,train,2,Best requires both,
import-bb187ae6eb9cc7390796bd19,train,0,HTTPError message construction,
import-bb754324a530fed6b5bc7b07,train,0,Handshake event delegates type-specific deserialization,
import-bbb612bb21eac73528cb7405,development,0,Dependencies mix lower bounds and selected pins rather than tiered upper bounds,
import-bbc35ab4545cc68ce86781fd,train,0,Cursor lifecycle tests and psycopg3 client binding compatibility,
import-bbc3aefeb01e7a6f601e56ef,train,0,Corrected central explanation and coverage of the original question,
import-bbdf63b62e82327064fb12b5,train,0,Metaclass iteration applies to class objects,
import-bc30185425e80f6b1d4cfda3,train,0,Corrected central explanation and coverage of the original question,
import-bc6e066b0f545dd5ef6b541f,train,0,Power transform delegates standardization,
import-bc9cce2ef59eff88ac7f0dcc,development,0,Corrected central explanation and coverage of the original question,
import-bcdb090bf0ccaec686389e44,train,0,Circuit.draw owns labels and row layout,
import-bd12b4bba6477ccf397da3df,train,0,NonAffineForTest defined in test_transforms.py,
import-bd5294761a162315d100e42b,train,0,Corrected central explanation and coverage of the original question,
import-bd53ab03b249b3dc193a655d,train,0,out_subfmt clears caches of linked instances,
import-bd99c9e90b968d8b907f3a7a,train,0,Corrected central explanation and coverage of the original question,
import-be34a26cecb95595b7a51d1f,train,0,Corrected central explanation and coverage of the original question,
import-be54ee7ac3ee8e4aa85aab53,train,0,Handshake synchronizes deterministic error-path assertions,
import-bf149121cb76684a05f92945,train,0,Server lifecycle uses async signal dispatch,
import-bf84144d154c5e33ddafded1,train,0,Extensions installed by default with opt-outs,
import-bf87e37c5d76ddd430e1f49e,train,0,"Version detection, minimum enforcement and decorator gates define compatibility",
import-c0308d6990a7fa700b7354ab,development,0,Corrected central explanation and coverage of the original question,
import-c05ebc7f9443ab6925cff508,train,0,Corrected central explanation and coverage of the original question,
import-c083e2386ac62f7220b91ad0,train,0,Grid schema flows through tick iterators into axis artist setters,
import-c0c0e3ccdd8a6e0f1043fa81,train,0,Proxy errors translation and catch hierarchy,
import-c0e28ea8cf026491d6afc10a,train,0,Corrected central explanation and coverage of the original question,
import-c12184a1bcbb300cb7b99a7b,train,0,Docfield aliases share overwrite key after parsing,
import-c18cca257cdad6db89e0951a,train,0,Corrected central explanation and coverage of the original question,
import-c1f636928cc169ea4d36c6d6,development,0,TimeComplexity.check is best-fit selector and complexities.run computes residual,
import-c1f8678c11d2498fbf922c11,train,0,Typed rewrites require inferred typemap/calltypes,
import-c202c548bb9f25bffb5d5e95,train,0,"Storage-path test verifies package output, database and cache-path command with spaces",
import-c26272d937aa5a311f14a871,train,0,Admin checks callability without signature verification,
import-c2f8736c27259528da652f3b,train,0,Enum filter documents runtime-resolved values,
import-c3b94f9c8addf9d27d2f9967,train,0,Timeout parametrization and httpbin fixture feed two test cases,
import-c4177c340bb4233a26ddafd9,train,0,"Eligibility cache returns early, memoizes misses and clears on new marks",
import-c48ad593468cbf9e28a2a2cb,development,0,Per-environment getters and factor/substitution passes are potential costs,
import-c4a7b40d8b998551d9bdd79b,train,0,Corrected central explanation and coverage of the original question,
import-c586977613eb773cac977b32,train,0,Corrected central explanation and coverage of the original question,
import-c59dfd91bb122c33e16f882c,train,0,HTML omitted parameter test restores default and changes original cosmology,
import-c5e2cc48bbbcf9c875660c28,train,0,Seven implemented Stat subclasses plus Rolling and OLSFit stubs,
import-c66f68de1bb6bf36d4da9fb0,train,0,Dictionary iteration returns stored cased keys,
import-c68f39f20250e33312857f14,train,0,MeanShift dtype test compares both APIs,
import-c6ec8dbe4a5bc192ccc8c9de,train,0,Style combination merges VarData,
import-c6fc34340a25ce91bf221303,development,0,Name setter blocks assignment and level extraction returns new variable,
import-c6fc3d320b32817af4deef74,development,0,Config consolidates token and session attaches header,
import-c7115cfa39690c4cd5f2c9f5,development,0,Dummy override suppressed statically,
import-c7115cfa39690c4cd5f2c9f5,development,1,Runtime parameter detection rejects variadic parameters,
import-c7115cfa39690c4cd5f2c9f5,development,2,Parent defines explicit keyword-only drop_variables,
import-c71607bd928c058ccf5779d5,train,0,Deprecation test scopes call,
import-c71607bd928c058ccf5779d5,train,1,Policy requires isolated deprecated behavior,
import-c7de1bb281a9a22e10168b1f,train,0,TLS tests depend on local server SSL certificate and filesystem facilities,
import-c7e0b91a508183c211c50610,train,0,Rigid and particle contributions,
import-c7e0b91a508183c211c50610,train,1,Dependent speed projection,
import-c8437fe8534e7917400d1752,train,0,Corrected central explanation and coverage of the original question,
import-c8badd167b4069c2d42edd6f,train,0,Footnote newline before parent visitation,
import-c8d206cee69f8681edf43924,development,0,Decoded coordinate names determine classification,
import-c92230120383eae96a30dd23,train,0,Detail tests vary lookup and repeat context/template assertions,
import-c9610cd2e4f177d4c67526ab,train,0,ContainerCollection implements high-level run/list/get and DockerClient exposes it,
import-c96202c04d3cc63667ff9b1c,train,0,Indent initial balance uses truthiness including zero-index false case,
import-c9d3485b1416d609af691803,train,0,"Text encoding is passed to open, binary ignores it",
import-c9d3485b1416d609af691803,train,1,Encoding test writes and reads using matching encoding,
import-ca382d379125c18ac1a07a83,train,0,Missing used argument validated against fixture names and defaults,
import-ca41edc641b1afc8b30dc72c,train,0,TypeError from method body propagates through template resolution,
import-ca67e65958271860bc9d65d9,train,0,Corrected central explanation and coverage of the original question,
import-ca732085b0b4ee98c1bcb284,train,0,Corrected central explanation and coverage of the original question,
import-ca933f96d2a6cecdca8f9d49,development,0,Pinned interpreter factors exclude py310/pypy38 and OS lookup differs,
import-caef4a7fc0ec85d7abd2326f,train,0,DejaVuSerif fallback is StixFonts via UnicodeFonts lookup,
import-caef4a7fc0ec85d7abd2326f,train,1,Missing glyph invokes configured fallback,
import-cb824cbec21aa8e57fa9980b,development,0,Warning concerns non-whitelisted execution rather than whitelist option deprecation,
import-cc1df89014a5aa7ffbf043fa,train,0,FALQON extends QAOA with feedback minimize,
import-cc918b5ca2016dddd14261c1,train,0,BigQuery permits gaps in function qualification,
import-ccae99e0aa76d46d37542b3b,train,0,FeatureUnion visual metadata not comprehensively validated,
import-cd122a483759090a50e0b275,development,0,Interpolation copies metadata without proven bottleneck,
import-cd3072c75efc38e52187803f,train,0,Blueprint filter registration writes app Jinja filter mapping,
import-cd3072c75efc38e52187803f,train,1,Once registration checks first registration on app,
import-ce28a9cd8598c38c913483a8,development,0,Token header does not itself serialize isolated thread sessions,
import-ce670626d5c661783db927f4,development,0,Typed registered attributes explain current validation but not maintainers' rejected alternatives,
import-ce9a3dffc995b4c4d86e64a1,development,0,Unsupported inferred format fails parser factory absent matching plugin,
import-cefead944ec86189b2d4046d,train,0,as_model uses exact-type wrapper registry and recursive wrappers,
import-cf2f71e7e7b258f739a7dd54,train,0,Stub loaders delegate to external handler,
import-cf44ec3f13ea25c152faad43,train,0,Removing method changes lookup result not MRO,
import-cf83527087d3402f2da7543b,train,0,Discovery and static metadata extraction,
import-d01d46e4f2332bcc9798eca3,development,0,Resolved grouper specializes by factorizing resolved grouping data,
import-d01d46e4f2332bcc9798eca3,development,1,EncodedGroups standardizes codes labels and indices,
import-d01ea5c9cd8cdb0aebee8ed5,train,0,Three cached properties compute H0-derived values in fixed units,
import-d051de2105c6c560de16454a,train,0,Specialized playlist fetch,
import-d0667fffa39311344a8c48a0,train,0,Sequence skips optional elements on exhausted or failed input,
import-d071a7cff0ec3332e1937b8b,train,0,Corrected central explanation and coverage of the original question,
import-d078774399d983aaa3d8cf59,train,0,Drawing label map defines gate symbols,
import-d0937269105948d01e8d37c7,train,0,YAML resolver and scalar/string preservation are distinct operations,
import-d0da0df04b1ebb1d41f6464f,development,0,Docker tag splitting fails for registry port plus image version,
import-d0e69c6074e453b163cf664c,train,0,URLContext and traversal produce relative theme links,
import-d115920ae37fe75921ace9dd,train,0,"_get_dependencies aggregates contexts, validates suffix/folder and filters inactive build deps",
import-d1736c78af5b76101bf3dbf6,train,0,Temporary files exercise file loader isolation across colliding local imports,
import-d1ac8a8041fcf21ed9326cc4,train,0,Shared sentinel avoids repeated explicit allocation,
import-d1dc1726ea56efce92d14096,train,0,Assignment checks run in fixed order,
import-d1e1515af4b6ee998c532e51,train,0,Blueprint URL rule is stored as a deferred callback,
import-d1e1515af4b6ee998c532e51,train,1,Registration invokes callbacks on setup state,
import-d1e1515af4b6ee998c532e51,train,2,Setup state forwards prefixed rule and endpoint to app,
import-d21d4d665ec323728c21f7cc,train,0,Legend conflict rule differs from prop precedence,
import-d228e1f4f574f11e50b471a8,train,0,Periodic knot spacing wraps base interval,
import-d27197a76126b6144cd7e98b,train,0,Shape test establishes observed shape size ndim rather than abstract-property obligation,
import-d2ce02cf263d96667caca3ca,train,0,System libraries are added to pkg-config link flags,
import-d3235e795cfc423d31b310d4,train,0,Incremental max_features check only on first call,
import-d33c176e2df1bfb9bc625346,train,0,Corrected central explanation and coverage of the original question,
import-d34a76f7a3605d8ff9a5b9be,train,0,Corrected central explanation and coverage of the original question,
import-d3550fc0f2e05680e713d9b0,train,0,Distinct popover primitive tags share trigger base,
import-d3bcd834dd0920db8bb91097,train,0,"Session opening, saving, and concurrent ordering",
import-d3d2a6ff6adcfcfe6f211d46,train,0,Sequential loops do not prove linear runtime,
import-d4dbcf1fa92b9feadbf73603,train,0,Union tries subtypes and dataclass-like values use class parser,
import-d4e1aefc13962e0d2c508dad,train,0,Deprecated FITS handler overrides direct registry,
import-d51965bf74058a0e4430bd52,train,0,Plugin finder search locations,
import-d51965bf74058a0e4430bd52,train,1,Dynamic load and legacy handling,
import-d51965bf74058a0e4430bd52,train,2,Registry insertion,
import-d5482e3243c286a73a53dca7,train,0,Whitespace environment values considered unset,
import-d57e939d0d4e04794ef5bc23,train,0,Callback passed to new matrix,
import-d57e939d0d4e04794ef5bc23,train,1,Callable materialization,
import-d587da4ba7f1c7fe6c32c45e,train,0,Argument parser called by event and upload helpers,
import-d58d99ddc793e2afb8c014ef,train,0,Lambda overload presence suppresses unsupported-union warning,
import-d5934922ed879f794ac6f274,train,0,Class alias skips member documentation,
import-d59f6bfa3b41610d63b32965,train,0,Ridge solver selection branch,
import-d5f285a182b89f3bc2e6bca9,train,0,create_dirs functions and absolute results_dir setter organize outputs,
import-d610f8d6b01ec25ced763be9,train,0,Translation warning counts all pending xrefs,
import-d677634a8b59426b7265d1bd,train,0,Corrected central explanation and coverage of the original question,
import-d688225fe2428e87aea9830a,train,0,Corrected central explanation and coverage of the original question,
import-d6f3aa5c4d34fdfc95715ab3,train,0,SVG flip maps display y to height-y,
import-d70d27760b07e3ea674edb80,train,0,Integrity before JSON parsing,
import-d7b7d55534fc6cd8353bdb09,train,0,Convergence uses aggregate L1 change,
import-d7d4bc9b12e09644708c604d,train,0,Descriptor dynamic private attribute lookup,
import-d7e6391df86e641594b23f1e,train,0,Compiler/architecture matrix verifies distinct flag expectations,
import-d7f101c84e6d0051346cbbb2,train,0,Serialization runtime context chooses data/mask or null-value branches,
import-d8e02a75060e81cf7fc2779f,train,0,State preparation copies only mixins,
import-d8e02a75060e81cf7fc2779f,train,1,BaseColumn pickle protocol includes column metadata,
import-d98498238fb3bbbf9758fdf0,train,0,Abstract method alias tracked by assignment name,
import-d9c2edd973b0296deb92af7e,train,0,Matching composes method/URL/custom predicates then registry selection,
import-da439129d2082bbaebc50bc2,train,0,Explore eagerly creates and edits feature payload before Folium,
import-da8100e8fae1a82c11c8b794,train,0,"Force save flags control SQL, not automatic model validation",
import-dad0d5035ff9e67ef150d1d8,train,0,TeX tracking uses encoded glyph indices,
import-dae5c3bd405e1e44920c9dcf,train,0,Static hook uses mixin composition,
import-db1cf0b778ee847c54934db3,development,0,PROJ4 preference fixes documented regression,
import-db220c52daf5914fdb8abda0,development,0,Corrected central explanation and coverage of the original question,
import-db89c718c8f990426951c536,train,0,Dataclass-like resolution uses dispatch and fallback rather than class hierarchy,
import-db94b4129abf44c0751880c9,train,0,AxLine coordinates transformed before view-bound intersections,
import-dbc96c4659da71e65d10baa1,train,0,Custom float regex recognizes exponent-like strings,
import-dc1baf839bf7024efff74187,train,0,Dependency setup scripts reside in build directory,
import-dc384d10f392758f98771746,train,0,StreamMask undo log is serial mutable state,
import-dc55393bfd90497b05ffddc0,train,0,Corrected central explanation and coverage of the original question,
import-dcca3a2ee660c865c628193f,train,0,Corrected central explanation and coverage of the original question,
import-dcdbb224d447895f2675826d,train,0,Page CSS responsive implementation,
import-dd1545c728658d014af9ceeb,train,0,Theme design can build on attribute mapping,
import-dd6ba2db772f5d50e095202f,development,0,Corrected central explanation and coverage of the original question,
import-dd8293e32bae2047df308e4d,train,0,minorEntry forwards to minor and submatrix determinant,
import-ddc215339f517816dd6a81b3,train,0,Module singleton and constructed mocks use different defaults,
import-ddf6716f26bfbf38e5f34ed4,train,0,Shape functions are subclass-safe set entries and unknown functions warn then delegate,
import-de3813e3a8a9602039505665,development,0,Facet constructor computes grid and coordinate mapping,
import-de856d15114a7c0e30b8dd03,train,0,Corrected central explanation and coverage of the original question,
import-de9df829f44b37f0367ada9f,train,0,At-prefixed filename is opened without containment validation,
import-dee784cda1141aca2941bca5,train,0,Error lookup order is code scope then MRO,
import-df2c8c1795e9c07fbd96c5f7,train,0,Version instance flows to VersionRange.contains,
import-df92777335fb51c4c7173747,train,0,Selective synthetic failure reaches generic retry path,
import-df92777335fb51c4c7173747,train,1,Generic exception retries while auth/not-found do not,
import-df9f0a9790e7c322298d3c3a,train,0,Plot class style dictionaries define line appearance and zorder,
import-dfb0db0012798d808eecfe26,train,0,Corrected central explanation and coverage of the original question,
import-dfccc70e3617e5d08cde95ed,train,0,Subdomain test matches on context push,
import-dffc20879fd6be6cf6880a8e,train,0,Child validation recursively traverses both Cond branches,
import-e00e627ca510b66a673a2f40,train,0,Indirect dictionary parameters are compared as cache keys rather than hashed,
import-e041ffe44f26e8db1067ccc8,train,0,Corrected central explanation and coverage of the original question,
import-e0480d0a51490867c584706a,train,0,Pipeline inverse availability requires every active step,
import-e0b00b8d5337e853c830ff68,train,0,DownloadAPI.download_full orchestrates thread pool,
import-e0c84419cc9e8c320d4336cf,train,0,Subclass registration separate from substate construction,
import-e0cdc230a5c178a07822d762,train,0,Completion globs hidden/ordinary paths then sorts before stripping,
import-e10ace2cbd40679911ed7eb5,train,0,"Array export materializes bytes, import interprets metadata",
import-e12319366043679f0dd335e5,train,0,Second loop appends extras after predefined keys,
import-e17a060d3341b67f50564305,development,0,Non-NumPy supported type tuple,
import-e1b83a9a9039f4212e9b4187,train,0,Corrected central explanation and coverage of the original question,
import-e270a6ca69ae7ed29865bc7c,train,0,Corrected central explanation and coverage of the original question,
import-e2dd929039348918fafda9fd,train,0,Local source uses an empty globally configured profile and direct recipe loading,
import-e310871482d281d17b111f45,train,0,Sparse applyfunc skips implicit zeros only when zero maps to zero,
import-e3142892c90740145751e1c7,train,0,Serializer construction not proven bottleneck,
import-e316bff6ecfed59956cf0f6c,train,0,JWT guide uses route wrapper not registered middleware,
import-e319435e4a94fbd52db01a02,train,0,Backup check has no engine branch,
import-e365c91c4187b2b238f16eb7,train,0,Article is unmanaged with tablespace declarations,
import-e3922d09de456a389e48d130,train,0,Corrected central explanation and coverage of the original question,
import-e3cdaf1c6a18fd5d4904816f,train,0,OuterProduct strips scalars then checks one ket/bra and exact dual class,
import-e4267054871c6c8986c42411,train,0,JSON context excludes build datetime instead of custom serialization,
import-e47d2970d21c0c37916e16c8,train,0,Unhandled request policy chooses failure or continuation,
import-e484cec6057cbdba59b7bc6d,train,0,Bridgecrew obtains temporary credentials and persists repository/report to S3,
import-e491b6aeb15b6aafba8faef9,train,0,Curve test constructs one expression with symbolic parameters,
import-e4b7685a734ffe6530a95c52,train,0,ToolContainer event routes to GTK-specific label update,
import-e500b7a23bdb2ebaa272893b,train,0,Infinite child bounds skip both bound update and tick recalculation,
import-e52e08202655091cb46d684b,train,0,Corrected central explanation and coverage of the original question,
import-e583913bede853b178c4f963,train,0,Fresh restart recomputes W with final H,
import-e6010a8861e9c33bf43e210a,train,0,Token status serialization delegates to composed types,
import-e627815de22e00d6cb225346,development,0,Truncation keeps ceil(m/2) head and floor(m/2) tail,
import-e63c78d867d2555aecb057f3,train,0,Timeouts local to protocol worker loop,
import-e646d396b85d04eb0e74f247,train,0,UnitRegistry composes specialized registries,
import-e674f5f0973ad2a1fb4bafd1,development,0,Specialized clients inherit base client independently of solver types,
import-e674f5f0973ad2a1fb4bafd1,development,1,Unstructured solver handles bqm/bq,
import-e69d2540b26614b28ac5e1a0,train,0,_non_int_type slot initializes from input container or float and optional override,
import-e6ef956ec154045a5be5d414,train,0,Iterable template emits null-safe array map expression,
import-e6ef956ec154045a5be5d414,train,1,Iteration component supplies missing React key,
import-e7241e0671b61cec057fda60,train,0,ensure_ascii changes JSON Unicode escaping,
import-e7628fedacb9831e50931b53,train,0,Python-domain delimiter parsing tested directly,
import-e7cb77758d6799b228189299,train,0,Example renders states in projected Bloch coordinates,
import-e7f74b14f66a5d5f02bb9883,train,0,Optional format attributes not universal,
import-e85fccc0f30798376009433e,train,0,Nested-name lists make delegated hash fail,
import-e8d09990db3c6eb42ddf9dd6,train,0,Capture snapshots clear temp buffer and writeorg bypasses to saved stream,
import-e9014272c95c4beb2d940166,train,0,Hardcoded cache field list includes incorrect spaced names,
import-e90581de25fdc24433dd62f2,train,0,Build files do not establish global make serialization,
import-e9182d8b629186f0d8001df6,train,0,API schema normalizes three response patterns,
import-e92542bf5a046255f098d304,train,0,Dirichlet eta delegates to local zeta and gamma-module digamma/polygamma,
import-e9745c18665251bebf23f6b4,train,0,ShiftA composes through a polynomial interpreted by Operator.apply,
import-e995e5af5974384e99208cd3,train,0,DML values uses reduced SELECT-shaped information,
import-ea2fa37eac6acfbeb930734b,train,0,Texinfo init versus writing setup,
import-ea68e78279d46049de59264d,train,0,Tracker detects get_state bytecode and tracks result local,
import-ea68e78279d46049de59264d,train,1,State class resolved statically from globals/closure,
import-ea8c8f68cf16be4a60c5c370,train,0,Conditional discrete domains resolve inequalities then intersect full support,
import-eaedd0c463a44c2770221374,train,0,Touch pressure and orientation are separate fields,
import-eb497b80d5bcc8de9a2b1a58,train,0,Cast parse fallback restores position,
import-eb57b9eaeb7bdb3777c2affb,train,0,Defines become interface compile definitions with trait filtering,
import-eb57b9eaeb7bdb3777c2affb,train,1,Component target receives INTERFACE_COMPILE_DEFINITIONS,
import-eb9ff6ab28569c0f26164f0c,train,0,Phase capture reads and labels output at phase end,
import-eb9ff6ab28569c0f26164f0c,train,1,Snapshot clears captured buffer,
import-eba3c7187afec6c86af480bd,train,0,Postgres copies ANSI grammar to insert INTO and recopies full SELECT,
import-ebd664ce300371b962e274fe,train,0,Doc node then inferred __doc__ fallback,
import-ebf43e16c9d7e714408632f7,train,0,Distinct blueprints run first-registration filter callback,
import-ec16becc72ee5006f5014d2b,train,0,Invalid prop exception has no recursive validation cascade,
import-ec635a41904c3ccb55b80735,train,0,No guideline assignment exists in this snapshot output model,
import-ec6773e300e48385e55ada1d,train,0,Benchmark uses combined transformer estimator infrastructure,
import-ecc5be68123fcdfed7a895e4,train,0,Vertica full SELECT removes TIMESERIES terminator to consume its later clause,
import-ed5816a3e38a30cd474bd6bf,train,0,URL-building tests location,
import-ed5acf5cd60b245c5176209d,train,0,Auto response preference is probability then decision function,
import-ed81278ad36885d8a1106b93,train,0,LightSource direction consistently feeds illumination before blend selection,
import-eda14b04336e2b4a8475797d,train,0,DialogTrigger disables recursive memoization,
import-eda14b04336e2b4a8475797d,train,1,Compile skips children but still considers component memoization,
import-ee307a6a3a7d263ea1aa3ffa,train,0,Refactor must preserve different scale tolerances and warning/whitespace checks,
import-ef28faecac5ec2a021a296dd,train,0,"Static defaults tab10, interactive tab20",
import-ef55d75e39a9a07a52dc1a39,development,0,Corrected central explanation and coverage of the original question,
import-efcdc2f96c6ba2b9aced8685,train,0,Corrected central explanation and coverage of the original question,
import-f01dd79388c9936697bf7309,train,0,URL matching selects normalized string comparison or regex match,
import-f08d28e829f4f269390cd086,train,0,Synchronous authentication retries add request and input time and abort on failures,
import-f0b02694091900c5a86c7d2d,train,0,Corrected central explanation and coverage of the original question,
import-f0b50b66142ef996986fb51e,development,0,"Tests cover valid mapping keys, malformed first token, and formula values",
import-f0b50b66142ef996986fb51e,development,1,Decoder treats grid keys versus formula values differently,
import-f24c3207edd6d605f448fa9b,train,0,Entry failure restores prior path and reraises,
import-f24c5d73a319fbd681b7e092,train,0,LogLocator depends on axis for selected computations,
import-f28460d09832bff77da6cfb5,train,0,Gallery work does not substantiate twenty-minute timing,
import-f350448a035938a26ee17cad,train,0,Protocol helpers download and parse,
import-f350448a035938a26ee17cad,train,1,DASH period path,
import-f350448a035938a26ee17cad,train,2,Cross-protocol helper,
import-f350448a035938a26ee17cad,train,3,Ranking is separate,
import-f35a25d4323f7fb29e68ae3d,train,0,Comparison helper accepts two callables and compares sets,
import-f399dd3ff4d2bd9180f44f59,train,0,Corrected central explanation and coverage of the original question,
import-f428a78e12d9f2a124055c61,train,0,History URL gets simple-tag escaping,
import-f45580fcbf870ee369d72731,train,0,Current and previous hour fallback,
import-f45580fcbf870ee369d72731,train,1,Token success marker,
import-f474915d5eb21168ff5ede92,train,0,Windows signal workaround versus Unix loop handlers,
import-f4bb470a3c29d36e29b968d4,train,0,TestReport branches by exception and phase and delegates call formatting,
import-f4c97e8c10c43fbdd5c928cf,train,0,Inverse permutation aligns score columns with relabeled classes,
import-f5260bf6ca6a0840c2e5026b,train,0,Server context coordinates ready/stop events socket closure and thread join,
import-f53cee9eafc6c47d9bfbfc65,train,0,Post-save permission chooses changelist with filters or index,
import-f54befe4bf7353628615620b,train,0,Request attribute guards are distinct from fixture dependency scope checks,
import-f5d21d1c64c9b16fc40851e3,train,0,srepr preserves integer assumptions on matrix dimension symbols,
import-f5d5b8a1f728b442e7da9e96,train,0,Pytester receives process exit status and captured output,
import-f5d5b8a1f728b442e7da9e96,train,1,Session wrapper converts interrupt and unexpected base exceptions,
import-f6366f976d662a4874683b06,train,0,Static frontend server separate from backend workers,
import-f63a91060c9b4476e6c3796c,train,0,Byte-swapped dtypes test nonnative endianness,
import-f6a1aabdca78e79121c123c2,train,0,Memory channel captures outputs,
import-f6b923d6e7a50d02acb851e6,train,0,Device postprocessing precedes transform-program postprocessing,
import-f6b923d6e7a50d02acb851e6,train,1,Transform processing stacks individual batch functions,
import-f7452ed718749e6fc4879138,development,0,Shared idx helper handles validation/nulls and coordinate selection,
import-f76933eff2c71985930e4754,train,0,Module __getattr__ suppresses no-member emission,
import-f779fa060a438f4ed9833265,train,0,"Expression pipeline applies preprocessors, tokenizer and evaluation tree",
import-f7d6d45327124e8ee0a90228,train,0,RunnerFilter normalizes comma-separated check lists with whitelist precedence,
import-f83191bb378dbedf06e68027,train,0,Corrected central explanation and coverage of the original question,
import-f8e03464345a73f88e553a17,train,0,Normalizer stateless row normalization requires no learned statistics,
import-f91a9955d806d1a664a5fd06,train,0,Empty sentinel inheritance,
import-f9498a519cab971d9e2d1922,train,0,Package exposes version fields and development display hash,
import-f9498a519cab971d9e2d1922,train,1,Bump utility updates version fields,
import-f9498a519cab971d9e2d1922,train,2,Release workflow builds and publishes PyPI and GitHub release,
import-f9498a519cab971d9e2d1922,train,3,Docker bump edits external repository versions and pushes,
import-f9889bcfcbea187db7dad418,train,0,Corrected central explanation and coverage of the original question,
import-f9a9324d4d417a121b8defc7,train,0,Dual exception bases enable alternative catches,
import-fa2e72f741ca50fc75a039c2,train,0,Logging refactor preserves coordinator contract and exact output,
import-fa63173a31c8eddcf50d8127,train,0,Back migrations filter newer versions and load scripts,
import-fa8b66a817f54491e959249c,development,0,"Detector uses candidate scores, elimination threshold and missing-value denominator",
import-fb251bfe1f21351861faed14,train,0,ScriptInfo factory versus import discovery,
import-fb337fd081738ae93191e803,development,0,Sentinel equality tests isinstance against runtime self type,
import-fb4fefb659e416a151453e2c,train,0,Distributed QFT reorders later targets using swaps,
import-fb5d8902c0abb11efabfefc1,development,0,Positions reorder existing concatenation axis via inverse permutation,
import-fb5d8902c0abb11efabfefc1,development,1,Dask test verifies lazy reconstructed ordering,
import-fb7295517f5f9074cd3579cb,train,0,MethodView method inheritance,
import-fbb1c6f6cd50f3383decac05,train,0,"Dropdown trigger independently defines as_child,parent constraint and memoization",
import-fbb1c6f6cd50f3383decac05,train,1,Compilation honors recursiveFalse regardless of as_child,
import-fbdfb244b7d6e7078b752398,train,0,Root handler prevents Flask default handler,
import-fc0130ae6027c6688a59ddfe,train,0,ModelMultipleChoiceField invokes inherited validator loop explicitly,
import-fc191fccf0a9757f209dc394,train,0,Plugin exceptions abort whereas absent credentials allow fallback,
import-fcb1997b39de5af55485731b,train,0,Standalone test uses supplied reference and ordinary build modes,
import-fd5459f1e5864a161492e539,train,0,Reciprocal rational base normalized by exponent sign change,
import-fd85682d5c82b5283d601f3b,train,0,Immutable mutation wrapper checks controlling state before delegation,
import-fd85682d5c82b5283d601f3b,train,1,Mutability can inherit parent proxy state,
import-fe4ba61d4f9cc7a2482c7985,development,0,Module methods route formatted parameters through manager and provider middleware,
import-feae8fe95a709a3c63709502,development,0,Version-specific method list drives common mock factory,
import-feae8fe95a709a3c63709502,development,1,Common request check compares call-count upper bounds,
import-fee4ece64bcde6a3a67c6001,train,0,PGF test configures then builds figure via helper,
import-fef702f182535e534533bdc0,development,0,Corrected central explanation and coverage of the original question,
import-ff17202cb3b894fcc69ab84b,train,0,Cache middleware initialization supplies backend prefix and timeout precedence,
import-ff59c1a2df87e2cbe908fab6,train,0,Kane initializes implicit and explicit forms,
import-ff63c98045e66a3835ea35b8,train,0,LRD helper reused for training and query density,
import-ff895b1270303ee54b633df1,train,0,PSD warnings conditional while numerical correction still applies,
import-ff92be4e5f68ed7fd1bd2c84,train,0,Tick offsets computed in Text layout,
import-ffa1b9517cdfa7fbb355bdb7,train,0,SameMajorVersion accepts 2.5 for 2.3,
import-ffd739d143aee668f1dea606,train,0,Sphinx session subclasses requests session and applies TLS/user-agent,
import-ffd739d143aee668f1dea606,train,1,Intersphinx helper calls requests wrapper with configured TLS info,
import-fff2787180a82fce7846e89b,train,0,Corrected central explanation and coverage of the original question,
pydantic-alias-choice-unused-inputs,train,precedence-unused,The first present alias legacy supplies value; default forbid reports payload and value as extra inputs. With extra=ignore the same input yields value=1.,
pydantic-alias-choice-unused-inputs,train,path-name-fallback,"Payload-only yields value=2, name-only yields value=3, and a missing index in an empty payload path allows the enabled name fallback yielding 3 when extras are ignored.",
pydantic-alias-choice-unused-inputs,train,invalid-present-not-fallback,"A present legacy=""bad"" produces int_parsing at legacy; it does not retry the later valid payload alias.",
pydantic-alias-choice-unused-inputs,train,runtime-name-selection,"Explicit by_alias=False, by_name=True with extra=ignore selects value=""3"" and yields integer 3 from the all-keys input.",
pydantic-alias-choice-unused-inputs,train,serializer-separate,"by_alias=True dumping uses out; normal dumping uses value. out is not a validation alias, so out-only input yields missing legacy and extra_forbidden at out.",
pydantic-alias-choice-unused-inputs,train,entrypoint-guard,"Passing by_alias=False while omitting runtime by_name raises PydanticUserError before core validation, despite the class having validate_by_name=True: the Python guard tests the explicit arguments.",
pydantic-factory-data-signature-order,train,validated-data-input,"For Derived and Checked the required one-argument factory receives previously validated a as integer 3, not the raw string.",
pydantic-factory-data-signature-order,train,default-result-validation,"Derived.b is string ""6"" because defaults are not validated by default; Checked.b is integer 6 because validate_default=True applies the integer schema.",
pydantic-factory-data-signature-order,train,signature-sensitive,The detector requires exactly one positional-capable parameter with no default. optional(data=None) is treated as a zero-argument factory and produces 99.,
pydantic-factory-data-signature-order,train,failure-skips-factory,Invalid a produces int_parsing at a plus default_factory_not_called at b; derive is not invoked after that validation failure.,
pydantic-factory-data-signature-order,train,explicit-value-skips-default,"Providing b=""8"" validates it to integer 8 and does not invoke the default factory.",
pydantic-factory-data-signature-order,train,field-order-boundary,"Reordered invokes derive before a has been validated, so data has no a and a KeyError propagates; supplying a in the input does not make it available early.",
pydantic-frozen-copy-8960,train,copy-bypasses-validation,"model_copy updates the copied instance dictionary without validating quantity, so the invalid string survives; the original remains quantity=1.",
pydantic-frozen-copy-8960,train,deep-is-not-validation,"deep=True changes copying of existing values, not validation of update values, and still permits the invalid quantity.",
pydantic-frozen-copy-8960,train,frozen-and-strict,Frozen configuration guards attribute assignment; strict config controls coercion during validation. Neither makes model_copy validate its update.,
pydantic-frozen-copy-8960,train,instance-revalidation-default,"model_validate delegates to the core validator with strict; default revalidate_instances is never, so validating this same-class invalid instance returns it without checking quantity.",
pydantic-frozen-copy-8960,train,instance-revalidation-always,Configuring revalidate_instances=always on the model causes model_validate of its invalid copied instance to raise a quantity type validation error.,
pydantic-frozen-copy-8960,train,validate-input-mapping,"Passing ordinary input data such as {quantity: copied.quantity} to Item.model_validate(..., strict=True) validates quantity and rejects the string; valid integer input succeeds and unexpected input keys are forbidden.",
pydantic-typed-extras-runtime-policy,train,typed-extra-schema,"On Bag, foo=""2"" is coerced to integer 2; annotated extra-key length and value schemas reject long and noninteger values independently.",
pydantic-typed-extras-runtime-policy,train,extra-field-special,"The __pydantic_extra__ annotation configures extra storage/schema, not an ordinary field: Bag.model_fields contains count only.",
pydantic-typed-extras-runtime-policy,train,call-policy-controls,strict=True rejects the numeric string extra as int_type; extra=ignore discards long/bad without extra validation; extra=forbid rejects foo as extra_forbidden. model_validate forwards these options to the core validator.,
pydantic-typed-extras-runtime-policy,train,schema-not-rebuilt,"IgnoredBag was compiled with ignore, so the allow-only schema-generation condition did not supply its annotated extra key/value validators; overriding to allow stores long=""bad"" without enforcing those constraints.",
pydantic-typed-extras-runtime-policy,train,storage-vs-serialization,"The override-created object exposes long=""bad"" via __pydantic_extra__ and attribute lookup, while its ordinary model_dump is {count:1}; runtime validation extra policy does not rebuild the class serializer. The omitted extra is an observed pinned-core result, not evidence that storage failed.",
sqlalchemy-filtered-collection-7654,train,sql-versus-loaded-state,"The filtered SQL yields only Book 1, but without populate_existing the already-loaded Client.book stays [1,2]; contains_eager routes explicit joined rows and does not automatically overwrite loaded attributes.",
sqlalchemy-filtered-collection-7654,train,identity-map-reuse,"Rows resolve Client 1 through session_identity_map, so both filtered queries reuse the existing Client instance rather than allocating an independent client.",
sqlalchemy-filtered-collection-7654,train,population-branch,effective_populate_existing selects full population via _populate_full; otherwise an already present object uses the partial-population path and unloaded-state handling.,
sqlalchemy-filtered-collection-7654,train,replace-filtered-collection,"With populate_existing=True and flushed state, the filtered eager load overwrites the collection with only Book 1.",
sqlalchemy-filtered-collection-7654,train,expiration-not-sticky,"After expiring book, its normal unfiltered lazy load restores Books 1 and 2; the customized contains_eager contents are not permanent relationship configuration.",
sqlalchemy-filtered-collection-7654,train,pending-change-caution,"populate_existing can reset already-present state including pending changes, so data must be flushed first; ordinary Session autoflush is sufficient under its default behavior.",
sqlalchemy-json-joinedload-uniquing,train,multiplicity,"The explicit join yields two payload choices and the separate joinedload collection join duplicates each, yielding four logical SQL rows; legacy Query returns four rows here even though the same parent identity is reused.",
sqlalchemy-json-joinedload-uniquing,train,mandatory-unique,The modern joined collection result cannot be consumed without unique and raises InvalidRequestError.,
sqlalchemy-json-joinedload-uniquing,train,json-modern-error,"JSON declares hashable=False; default modern ORM uniqueness rejects this explicit JSON result value, even though parent entities use identity filtering.",
sqlalchemy-json-joinedload-uniquing,train,legacy-identity-fallback,"Query enables _legacy_uniquing and automatic unique; nonhashable JSON values fall back to id, so separately decoded equal dicts are not value-deduplicated.",
sqlalchemy-json-joinedload-uniquing,train,custom-key-semantics,An explicit key of parent id and normalized payload returns two semantically distinct rows. Parent-id-only returns one and incorrectly drops one distinct payload for this requested result.,
sqlalchemy-json-joinedload-uniquing,train,entity-only-control,"Entity-only joinedload returns one parent with two children: only the returned entity is uniqued, not every mapped JSON attribute in its graph.",
sqlalchemy-none-default-json-matrix,train,omitted-defaults,"When all attributes are absent, all four server defaults fire, including evaluates_none String and both JSON variants. evaluates_none only changes treatment of an explicitly present None.",
sqlalchemy-none-default-json-matrix,train,plain-versus-significant,"For ORM id 2 plain None is omitted and becomes fallback, while significant None is passed and stores SQL NULL.",
sqlalchemy-none-default-json-matrix,train,json-none-flags,"For ORM id 2 JSON none_as_null=False evaluates None and stores JSON text null. JSON none_as_null=True does not evaluate None for ORM omission, so its server default stores JSON string fallback.",
sqlalchemy-none-default-json-matrix,train,explicit-null-bypass,"Explicit sqlalchemy.null() on every id 3 column bypasses defaults and persists SQL NULL, including JSON columns.",
sqlalchemy-none-default-json-matrix,train,core-explicit-none,"Core id 4 has explicit values rather than ORM omission: both strings and none_as_null=True store SQL NULL, while none_as_null=False serializes JSON null.",
sqlalchemy-none-default-json-matrix,train,decoded-is-ambiguous,"Decoded ORM Python None cannot distinguish JSON text null from SQL NULL; JSON result processing returns None for SQL NULL and json.loads for non-null text, both yielding None here.",
sqlalchemy-savepoint-preflush-state,train,unconditional-preflush,"begin_nested flushes pending outer modifications and insertions even inside no_autoflush with autoflush=False, before taking its nested snapshot.",
sqlalchemy-savepoint-preflush-state,train,outer-state-survives,"Item 1 outer and item 3 pre exist before the savepoint. Nested rollback preserves those changes; outer commit stores rows 1 outer, 2 two, 3 pre.",
sqlalchemy-savepoint-preflush-state,train,selective-expiration,After nested rollback item 1 is expired and reloads outer; unchanged item 2 is not expired; item 3 remains persistent and item 4 becomes transient.,
sqlalchemy-savepoint-preflush-state,train,nested-only-rollback,Rolling back the nested transaction leaves the outer Session transaction active and allows its subsequent commit.,
sqlalchemy-savepoint-preflush-state,train,preflush-failure,"A duplicate primary key in preexisting pending state fails during begin_nested preflush, before the nested transaction is assigned. The Session is inactive and requires Session.rollback to recover. Because this failure occurs in the outer preflush, its pending outer update is rolled back: item 1 reloads one and the database still contains only the two seed rows.",
tanstack-hydration-fetch-freshness-8936,development,hydration-state-not-options,"Dehydration retains query state including data and dataUpdatedAt, key/hash and optional metadata, not general staleTime or queryFn options.",
tanstack-hydration-fetch-freshness-8936,development,client-options-after-hydration,"A new hydrated query is built using client hydration defaults and call-specific hydration defaults, then normal QueryClient query defaults through QueryCache.build; fetchStatus is reset to idle. With only client query staleTime 5000, the hydrated query starts with 5000 rather than the server 300000.",
tanstack-hydration-fetch-freshness-8936,development,explicit-call-wins,"defaultQueryOptions merges global query defaults, matching per-key defaults, and explicit call options in that order, so the loader staleTime 300000 overrides client default 5000.",
tanstack-hydration-fetch-freshness-8936,development,ten-second-cache-hit,"fetchQuery checks the existing query using the resolved call staleTime. Successful uninvalidated ten-second-old data is fresh under 300000 ms, so it resolves cached server data and invokes the counting query function zero times.",
tanstack-hydration-fetch-freshness-8936,development,expiration-boundary,"timeUntilStale is max(dataUpdatedAt + staleTime - Date.now(), 0); at exactly 300000 ms or later it is zero and the data is stale. In a fresh hydrated client the explicit fetch invokes queryFn once and returns its client data; 299999 ms remains fresh.",
tanstack-hydration-fetch-freshness-8936,development,display-not-fetch-policy,"The imperative fetch decision uses isStaleByTime with the current call options, not simply the cached query.options staleTime or isStale(). With no observers, isStale() checks missing data/invalidation and does not age data; a display of stored options or that flag alone therefore cannot predict fetchQuery. This does not claim a specific DevTools rendering implementation.",
tanstack-inflight-options-retry-capture,development,observer-propagation,"QueryObserver.setOptions defaults and forwards new options to the same Query immediately, so query.options.retry becomes false while the first fetch is pending.",
tanstack-inflight-options-retry-capture,development,dedup-before-options,The duplicate Query.fetch call sees a live retryer and returns its promise before applying its supplied options. Its duplicate queryFn never runs and does not replace the new observer options.,
tanstack-inflight-options-retry-capture,development,captured-retry-policy,The active retryer retains retry:1 and the old retryDelay function captured when that fetch began; setting retry:false on the Query does not rewrite that retryer config. The first rejection still retries once and calls oldDelay once.,
tanstack-inflight-options-retry-capture,development,dynamic-query-function,"On a retry, fetchFn resolves ensureQueryFn from current this.options, so the retry invokes newFn and both waiting calls resolve new-result. The observed queryFn call sequence through first completion is old,new.",
tanstack-inflight-options-retry-capture,development,fresh-fetch-and-delay-side-effect,"A later separate Query.fetch uses the updated retry:false and newDelay. Its newFn failure rejects without retry, but newDelay still executes once because delay is evaluated before shouldRetry. Total calls are old,new,new; oldDelay=1,newDelay=1.",
tanstack-manual-cache-edit-cancel-revert,development,default-revert,QueryClient.cancelQueries defaults revert:true and waits for cancellation while swallowing cancellation rejection at the cancelQueries API boundary.,
tanstack-manual-cache-edit-cancel-revert,development,manual-update-fetch-status,setQueryData forwards manual:true to Query.setData. Updating to edited changes data without ending the in-flight fetch; before cancellation all three cases remain fetching.,
tanstack-manual-cache-edit-cancel-revert,development,revert-checkpoint,A manual success updates the private revert state to the new edited state; cancellation reverts to that state and forces idle. With no edit it restores seed.,
tanstack-manual-cache-edit-cancel-revert,development,raw-state-counterfactual,"Query.setState({data:edited}) only merges public state; it does not refresh the private revert checkpoint. The raw-state case therefore restores seed, unlike setQueryData.",
tanstack-manual-cache-edit-cancel-revert,development,promise-and-late-result,"The original fetchQuery promise resolves to the reverted data, edited for manual and seed otherwise. Later resolving the detached underlying promise cannot overwrite that cancelled fetch; all end success/idle.",
tanstack-signal-consumption-unsubscribe,development,signal-getter,Reading the context.signal getter marks the signal consumed even if the user function never attaches an abort listener or passes the signal to a transport.,
tanstack-signal-consumption-unsubscribe,development,unobserved-unconsumed,"After the only observer unsubscribes without reading signal, the active promise continues; only future retries are cancelled. The seeded data remains while fetchStatus is fetching.",
tanstack-signal-consumption-unsubscribe,development,unobserved-consumed,"If signal was read, removing the last observer cancels with revert:true, aborts the signal and restores seeded success data with idle fetchStatus.",
tanstack-signal-consumption-unsubscribe,development,late-resolution,Resolving the user deferred promise to remote afterwards populates the unconsumed case but cannot overwrite reverted seed in the consumed case; the user promise need not itself reject or stop work.,
tanstack-signal-consumption-unsubscribe,development,scoped-results,"Both cases call queryFn once; after settlement both are success/idle, with remote only in the unconsumed case and seed in the consumed case. The result is for an active seeded background fetch, not the separate paused/pending branch.",
