rank,task_id,family,score,resolved_attempts,attempt_scores,score_lower_bound,score_upper_bound,strict_passes,strict_review_flag,percentile_band_selected,score_band_selected,question
1,import-aeee82d6ae99e6f31875f273,pylint-dev/pylint,1.0,2,"[1.0, 1.0]",1.0,1.0,0,False,False,False,Where are the linting functions that invoke docstring parameter checking logic to detect missing type annotations for parameters without type hints?
2,import-3c226b839a191b337414c390,omni-us/jsonargparse,1.0,2,"[1.0, 1.0]",1.0,1.0,1,False,False,False,Where does configuration file content flow through the parsing pipeline when ActionConfigFile processes nested configuration references?
3,import-69e26ba46fe0b199109594b7,pennylaneai/pennylane,1.0,2,"[1.0, 1.0]",1.0,1.0,0,False,False,False,How does PennyLane implement runtime type validation for tensor-like objects using metaclass design patterns across different ML frameworks?
4,import-d228e1f4f574f11e50b471a8,scikit-learn/scikit-learn,1.0,2,"[1.0, 1.0]",1.0,1.0,0,False,False,False,"Why does the SplineTransformer add degree number of knots both before and after the base knots during the fit process, and why does the periodic extrapolation mode require a fundamentally different knot extension strategy?"
5,import-27cd34037590c0b98d4d1199,conan-io/conan,1.0,2,"[1.0, 1.0]",1.0,1.0,1,False,False,False,How does the workspace management interface ensure consistency when merging dependency graphs for locally developed packages into the consolidated dependency graph while preserving the original dependency relationships?
6,import-18f1bdc95f3006c4e6746b8f,scikit-learn/scikit-learn,1.0,2,"[1.0, 1.0]",1.0,1.0,2,False,False,False,"Where does the control flow in _NotAnArray.__array_function__ determine whether a TypeError is raised versus a boolean value returned, and what is the data dependency between the func parameter's __name__ attribute and the exception handling path?"
7,import-54799689542b60bcbea83e9d,sympy/sympy,1.0,2,"[1.0, 1.0]",1.0,1.0,0,False,False,False,Where does the differential geometry vector field commutator class determine whether to compute the result immediately versus deferring it as an unevaluated expression?
8,import-4f654066f7ac2657befe7092,sphinx-doc/sphinx,1.0,2,"[1.0, 1.0]",1.0,1.0,0,False,False,False,Where in the method that formats optional command-line arguments for help text does the conditional evaluation control whether the static method that formats metavar information receives its parameters?
9,import-aa1108f825baba2e331398d1,hylang/hy,1.0,2,"[1.0, 1.0]",1.0,1.0,0,False,False,False,Where is the macro expansion pipeline implemented across the compilation process in this Lisp-to-Python transpiler?
10,import-28b83a93e91b3fdfaf9fe4c3,conan-io/conan,1.0,2,"[1.0, 1.0]",1.0,1.0,0,False,False,False,Why does the token-based authentication plugin convert authentication tokens in the Authorization header to authenticated users for the application server's REST API framework?
11,import-ddc215339f517816dd6a81b3,getsentry/responses,1.0,2,"[1.0, 1.0]",1.0,1.0,1,False,False,False,Why does the responses library implement different default behaviors for `assert_all_requests_are_fired` between the context manager and decorator usage patterns?
12,import-1af9fb0fba15575c4a366234,scikit-learn/scikit-learn,1.0,2,"[1.0, 1.0]",1.0,1.0,0,False,False,False,"How does the NearestCentroid class leverage the available_if decorator pattern to conditionally expose decision_function, predict_proba, and predict_log_proba methods only for euclidean metrics, and what are the implications for API consistency across different metric configurations?"
13,import-393d78b8a658d3b26d3671df,pytest-dev/pytest,1.0,2,"[1.0, 1.0]",1.0,1.0,0,False,False,False,"What is the validation logic in the FixtureFunctionMarker.__call__ method that prevents double-decoration of fixture functions, and what is the semantic difference between detecting a FixtureFunctionDefinition instance versus checking for pytestmark attributes?"
14,import-ac11a79fc44d813d9acf463d,mwaskom/seaborn,1.0,2,"[1.0, 1.0]",1.0,1.0,0,False,False,False,"Where is the coordination logic implemented that integrates Mark, Stat, Scale, and Move components during the plot compilation process?"
15,import-128cd07fca3059497de066d2,sphinx-doc/sphinx,1.0,2,"[1.0, 1.0]",1.0,1.0,2,False,False,False,Where does the method that closes bullet list itemize blocks integrate within the document tree traversal and output assembly pipeline that generates Texinfo files?
16,import-fc191fccf0a9757f209dc394,conan-io/conan,1.0,2,"[1.0, 1.0]",1.0,1.0,0,False,False,False,What is the mechanism by which the test suite that exercises the authentication plugin extension point enforces separation of concerns between plugin error handling and credential fallback within Conan's authentication architecture?
17,import-d078774399d983aaa3d8cf59,qiboteam/qibo,1.0,2,"[1.0, 1.0]",1.0,1.0,2,False,False,False,Where are the visual symbols used for representing quantum gates in circuit text drawing defined?
18,import-03a0a982ac26306b5232df42,mkdocs/mkdocs,1.0,2,"[1.0, 1.0]",1.0,1.0,1,False,False,False,"How does MkDocs implement the TOC (Table Of Contents) parsing algorithm, to convert the HTML TOC generated by Markdown Extension into its internal TOC representation (hierarchical AnchorLink tree)?"
19,import-b6580d8dd346d6ba320ab8d5,pylint-dev/pylint,1.0,2,"[1.0, 1.0]",1.0,1.0,2,False,False,False,Where does the control flow in the method that checks ellipsis constants branch differently when the grandparent node is a class definition versus a function definition?
20,import-bc6e066b0f545dd5ef6b541f,scikit-learn/scikit-learn,1.0,2,"[1.0, 1.0]",1.0,1.0,0,False,False,False,"What is the impact of the dependency on StandardScaler within the _fit method on the correctness of PowerTransformer's standardization logic when standardize=True, and what would break if StandardScaler's fit_transform behavior changed?"
21,import-ec6773e300e48385e55ada1d,scikit-learn/scikit-learn,1.0,2,"[1.0, 1.0]",1.0,1.0,0,False,False,False,"What is the architectural pattern established by the DictionaryLearningBenchmark class that integrates the Transformer, Estimator, and Benchmark base classes for performance measurement in the decomposition module?"
22,import-39ebd622269bdc6c8bf9255b,sphinx-doc/sphinx,1.0,2,"[1.0, 1.0]",1.0,1.0,0,False,False,False,How does the Python domain grouped field class resolve method conflicts between its cross-reference mixin and grouping base class?
23,import-0d5da92978dc996d9ff1e090,psf/requests,1.0,2,"[1.0, 1.0]",1.0,1.0,2,False,False,False,"Where does the apparent_encoding method's control flow handle the absence of the chardet library, and what data path does self.content follow when chardet detection fails versus succeeds?"
24,import-f9a9324d4d417a121b8defc7,pallets/flask,1.0,2,"[1.0, 1.0]",1.0,1.0,2,False,False,False,What architectural decisions are reflected by the dual inheritance from both AssertionError and UnicodeError in the debug-mode exception class for unexpected unicode or binary data regarding separation between validation failures and encoding issues in Flask's layered architecture?
25,import-69165a26efdf54a3ef60289c,sympy/sympy,1.0,2,"[1.0, 1.0]",1.0,1.0,1,False,False,False,What is the dependency chain between the Taylor series term computation method's use of the Bernoulli number function and the factorial function for the hyperbolic cosecant function's series expansion?
26,import-50b89d851e4a335b14cd8a4d,pallets/flask,1.0,2,"[1.0, 1.0]",1.0,1.0,2,False,False,False,Why does the class that handles UUID serialization in the tagged JSON serialization system enable bidirectional conversion between UUID instances and their hexadecimal string representations?
27,import-95eed9e6fa66f96180165c51,pallets/flask,1.0,2,"[1.0, 1.0]",1.0,1.0,2,False,False,False,How does the wrapper function that defers hash algorithm access until execution delay cryptographic availability validation until runtime to prevent import-time failures in restricted environments?
28,import-90c91cd2593ecde373cdd1cc,conan-io/conan,1.0,2,"[1.0, 1.0]",1.0,1.0,0,False,False,False,How does the autotools dependency generator compute environment variables for transitive dependency ordering?
29,import-8ef586137057756015b39d33,sympy/sympy,1.0,2,"[1.0, 1.0]",1.0,1.0,0,False,False,False,What is the integration mechanism of the function that converts symbolic Kronecker products to explicit matrices within the symbolic expression hierarchy that maintains separation between symbolic and concrete computation layers?
30,import-a7208c74b034957e4b6f4784,django/django,1.0,2,"[1.0, 1.0]",1.0,1.0,0,False,False,False,"What is the lazy rendering architecture of TemplateResponse that decouples the concerns of response construction from content materialization, and what architectural mechanisms enforce the invariant that iteration operations must occur only after rendering?"
31,import-ba389356544f865148a12b55,pallets/flask,1.0,2,"[1.0, 1.0]",1.0,1.0,2,False,False,False,How does the method that processes unhandled exceptions determine whether to re-raise them or convert them into HTTP 500 responses based on configuration state?
32,import-5326f78f13d9eed3f0ccb19f,pytest-dev/pytest,1.0,2,"[1.0, 1.0]",1.0,1.0,2,False,False,False,Where is the line-wrapping logic that determines when function arguments exceed terminal width implemented in the ReprFuncArgs class?
33,import-14bd09e3c8e5c73cc8594bf7,matplotlib/matplotlib,1.0,2,"[1.0, 1.0]",1.0,1.0,0,False,False,False,How does the TextArea.get_text() method's delegation pattern to self._text.get_text() enable framework-agnostic text retrieval while maintaining compatibility with matplotlib's text rendering API?
34,import-e0b00b8d5337e853c830ff68,conan-io/conan,1.0,2,"[1.0, 1.0]",1.0,1.0,1,False,False,False,Where is the parallel execution of package downloads orchestrated in the download API?
35,import-dcdbb224d447895f2675826d,sanic-org/sanic,1.0,2,"[1.0, 1.0]",1.0,1.0,1,False,False,False,Where is the responsive CSS framework implemented that handles viewport-dependent styling and mobile layout adaptations for Sanic's built-in error pages and directory listings?
36,import-58bfff5b84fffcb8ce8357a8,python-pillow/pillow,1.0,2,"[1.0, 1.0]",1.0,1.0,0,False,False,False,Why does Pillow implement a dual-plugin architecture for FITS file format support using both FitsImagePlugin and FitsStubImagePlugin instead of a single unified plugin?
37,import-c68f39f20250e33312857f14,scikit-learn/scikit-learn,1.0,2,"[1.0, 1.0]",1.0,1.0,2,False,False,False,What is the mechanism in the test_mean_shift function that ensures dtype consistency across both the MeanShift class instance and the standalone mean_shift function when processing the same input data with different global_dtype parameters?
38,import-fb4fefb659e416a151453e2c,qiboteam/qibo,1.0,2,"[1.0, 1.0]",1.0,1.0,0,False,False,False,How does the distributed Quantum Fourier Transform implementation optimize gate ordering to minimize multi-device communication overhead compared to the standard QFT algorithm?
39,import-d4e1aefc13962e0d2c508dad,python-pillow/pillow,1.0,2,"[1.0, 1.0]",1.0,1.0,0,False,False,False,How does Pillow's image format plugin registration system handle backward compatibility between the deprecated stub plugin architecture and the current direct plugin approach for FITS files?
40,import-8f3b3367fe7626a04434b5a1,psf/requests,1.0,2,"[1.0, 1.0]",1.0,1.0,2,False,False,False,"Why does the `prepare()` method enforce a strict ordering where `prepare_auth()` must be called after `prepare_body()` and `prepare_hooks()` must be called after `prepare_auth()`, rather than allowing these steps to be reordered or parallelized?"
41,import-2b97bc542993df90e0c5135b,matplotlib/matplotlib,1.0,2,"[1.0, 1.0]",1.0,1.0,0,False,False,False,Why does the FigureCanvasPS class reconcile the dual rendering pathways between _print_figure and _print_figure_tex to maintain consistent PostScript output quality while accommodating both standard and TeX-based text rendering modes?
42,import-ebd664ce300371b962e274fe,pylint-dev/pylint,1.0,2,"[1.0, 1.0]",1.0,1.0,1,False,False,False,What control path determines whether the docstring of a class definition node is accessible to the docstring checking mechanism?
43,import-aba43394bd84208f58b18887,psf/requests,1.0,2,"[1.0, 1.0]",1.0,1.0,2,False,False,False,Where is the to_native_string function implementation located that test_to_native_string delegates to for performing the actual string conversion logic?
44,import-f53cee9eafc6c47d9bfbfc65,django/django,1.0,2,"[1.0, 1.0]",1.0,1.0,1,False,False,False,Why does the _response_post_save method's permission-based branching logic interact with Django's URL reversal and filter preservation mechanisms to ensure that users are redirected to contextually appropriate locations while maintaining their search and filter state?
45,import-2eef193fac5272ba2b6fadc4,reflex-dev/reflex,1.0,2,"[1.0, 1.0]",1.0,1.0,0,False,False,False,What effect would altering the base classes of the exception class raised when match cases have inconsistent return types have on the propagation of type errors in modules that import it for match case validation?
46,import-8e6c3d3d1c2420ab958e4019,psf/requests,1.0,2,"[1.0, 1.0]",1.0,1.0,0,False,False,False,"Why does BaseAdapter's __init__ method invoke super().__init__() despite BaseAdapter appearing to be a root abstraction in the adapter hierarchy, and what design pattern does this choice reflect regarding future extensibility of the adapter framework?"
47,import-d59f6bfa3b41610d63b32965,scikit-learn/scikit-learn,1.0,2,"[1.0, 1.0]",1.0,1.0,1,False,False,False,"Where does the solver selection logic in _BaseRidge.fit() determine which lower-level helper functions to invoke based on the combination of sparse data, intercept fitting, and solver parameters?"
48,import-60e6806998a5b6a20cbebdd7,getsentry/responses,1.0,2,"[1.0, 1.0]",1.0,1.0,0,False,False,False,How does the responses library implement callback function signature validation and type checking for the add_callback method's callback parameter?
49,import-1b384ce28a37f75922bf0423,psf/requests,1.0,2,"[1.0, 1.0]",1.0,1.0,0,False,False,False,"How does the SessionRedirectMixin handle the interplay between cookie extraction, cookie merging, and cookie preparation across multiple redirect hops while maintaining cookie jar consistency?"
50,import-9ce914df6059b4a8894dc349,pytest-dev/pytest,1.0,2,"[1.0, 1.0]",1.0,1.0,2,False,False,False,Why does the _bestrelpath_cache class leverage Python's dictionary protocol to implement lazy computation and caching of relative path transformations?
51,import-4c8ebe954a3040bb5d4a29b5,scikit-learn/scikit-learn,1.0,2,"[1.0, 1.0]",1.0,1.0,0,False,False,False,How does the `pos_label` parameter resolution process handle the case where a user provides an explicit `pos_label` value versus relying on the default `estimators.classes_[1]` assumption in multi-class classification scenarios?
52,import-b2e1c03e21b3142015d8113a,sqlfluff/sqlfluff,1.0,2,"[1.0, 1.0]",1.0,1.0,1,False,False,False,Where does the BigQuery FOR-IN-DO statement segment's grammar pattern control the parsing sequence from the query statement grammar through the nested loop body segment?
53,import-178cde6b170d9c97c8630c30,matplotlib/matplotlib,1.0,2,"[1.0, 1.0]",1.0,1.0,1,False,False,False,"How does the get_offset method compute the final pixel offset by integrating borderpad unpacking, fontsize conversion, and the _get_anchored_bbox algorithm to position the child box relative to its anchor point?"
54,import-0e50db309b5ee886e313b6a8,pallets/flask,1.0,2,"[1.0, 1.0]",1.0,1.0,0,False,False,False,"Where is the control flow determining whether a routing rule receives OPTIONS, including branches evaluating the automatic options flag and the application configuration setting?"
55,import-8deba21ecfe58c872a8456d6,matplotlib/matplotlib,1.0,2,"[1.0, 1.0]",1.0,1.0,0,False,False,False,"Where does the conditional evaluation of tick visibility and orientation in _update_label determine the data flow path for computing axislabel_pad, and what is the consequence of the nested boolean condition on the major_ticks.get_tick_out() call?"
56,import-a2e2753b66b478645da990ce,sqlfluff/sqlfluff,1.0,2,"[1.0, 1.0]",1.0,1.0,2,False,False,False,How does the DROP VIEW statement grammar's pattern matching attribute handle optional IF EXISTS and drop behavior clauses across SQL dialects?
57,import-7f7fb5e8a5e6c2cd6981ceaa,psf/requests,1.0,2,"[1.0, 1.0]",1.0,1.0,2,False,False,False,"Why does the morsel_to_cookie function determine whether to convert a max-age attribute into an expires timestamp, and what is the underlying mechanism that transforms relative time values into absolute expiration times?"
58,import-9849d0d3f477df75b60eba14,django/django,1.0,2,"[1.0, 1.0]",1.0,1.0,0,True,False,False,Where in the Query class hierarchy is the add_q method implementation that gets intercepted by the mock patch to verify deferred filtering behavior?
59,import-ed5816a3e38a30cd474bd6bf,pallets/flask,1.0,2,"[1.0, 1.0]",1.0,1.0,2,False,False,False,"Where is the test class that validates URL generation with anchors, schemes, and HTTP methods defined?"
60,import-1eee93e899bdaf49229336c7,python-pillow/pillow,1.0,2,"[1.0, 1.0]",1.0,1.0,1,False,False,False,Where is compression algorithm support implemented within the FITS image plugin system?
61,import-6e1691ee7fe846d64e83e420,sqlfluff/sqlfluff,1.0,2,"[1.0, 1.0]",1.0,1.0,1,False,False,False,Why does the persist filename dispatcher conditionally suppress skipped file messages based on verbosity rather than delegating filtering to the formatter or a separate layer?
62,import-fb7295517f5f9074cd3579cb,pallets/flask,1.0,2,"[1.0, 1.0]",1.0,1.0,2,False,False,False,How does the subclass initialization hook in the HTTP method-dispatching view class resolve conflicting methods attributes when inheriting from multiple parent classes?
63,import-f4bb470a3c29d36e29b968d4,pytest-dev/pytest,1.0,2,"[1.0, 1.0]",1.0,1.0,2,False,False,False,How does the `from_item_and_call` classmethod implement conditional logic to determine the appropriate outcome and longrepr representation based on exception type and execution phase?
64,import-5761caea32fe6ff2d4b8eec2,pytest-dev/pytest,1.0,2,"[1.0, 1.0]",1.0,1.0,0,False,False,False,"Why does the test_parse_from_file method verify that the parser correctly handles file-based argument input through the @ prefix mechanism, and what is the purpose of storing test paths in an external file rather than passing them directly as command-line arguments?"
65,import-2fa42694820c172f327e517b,scikit-learn/scikit-learn,1.0,2,"[1.0, 1.0]",1.0,1.0,0,False,False,False,Where in the codebase are the lower-level helper functions that _SetOutputMixin delegates to in order to wrap the tuple output returned by EstimatorReturnTuple's transform method?
66,import-2516a52c8fbb9da2afca507a,scikit-learn/scikit-learn,1.0,2,"[1.0, 1.0]",1.0,1.0,1,False,False,False,"How does the NearestCentroid classifier reconcile the different centroid computation strategies between euclidean and manhattan metrics during the fit phase, and what architectural implications does this dual-path approach have for maintaining consistency across sparse and dense data representations?"
67,import-d2ce02cf263d96667caca3ca,conan-io/conan,1.0,2,"[1.0, 1.0]",1.0,1.0,0,False,False,False,Where is the code that adds entries from the system library property of the build information object to the Libs line of the generated pkg-config file located?
68,import-7b5af2c59e7c62c1afe6e116,scikit-learn/scikit-learn,1.0,2,"[1.0, 1.0]",1.0,1.0,0,True,False,False,Where in the CountVectorizer class initialization is the token_pattern parameter processed and how does its assignment relate to the subsequent tokenizer parameter validation logic?
69,import-e484cec6057cbdba59b7bc6d,bridgecrewio/checkov,1.0,2,"[1.0, 1.0]",1.0,1.0,0,False,False,False,How does Checkov implement its Bridgecrew platform integration API to authenticate with cloud services and persist scan results remotely?
70,import-d1ac8a8041fcf21ed9326cc4,matplotlib/matplotlib,1.0,2,"[1.0, 1.0]",1.0,1.0,1,False,False,False,Why would using a singleton pattern versus repeatedly instantiating the _Unset class throughout matplotlib's codebase impact memory overhead in scenarios with thousands of default parameter checks?
71,import-52f6741f1734f4c347800dbc,pylint-dev/pylint,1.0,2,"[1.0, 1.0]",1.0,1.0,1,False,False,False,What is the contract enforcement mechanism for the method decorated with the abstract method decorator in the abstract base class that uses the ABCMeta metaclass in the generic alias test file when inherited by concrete subclasses?
72,import-7660d4151be40b9f8de022ac,scikit-learn/scikit-learn,1.0,2,"[1.0, 1.0]",1.0,1.0,0,False,False,False,"Where does the `set_params` method in `_BaseHeterogeneousEnsemble` delegate parameter setting to its parent class, and what is the control flow path that determines whether individual estimators are modified, replaced, or dropped based on the 'drop' sentinel value?"
73,import-d3bcd834dd0920db8bb91097,pallets/flask,1.0,2,"[1.0, 1.0]",1.0,1.0,0,False,False,False,Where in the request processing flow does the orchestration between the method that loads session data at request start and the method that persists session data at request end occur to handle concurrent requests with potential race conditions?
74,import-5c466e04c9918eb631c0cc32,psf/requests,1.0,2,"[1.0, 1.0]",1.0,1.0,1,False,False,False,What is the architectural design in RequestException that leverages conditional request object resolution through response introspection to maintain backward compatibility while managing the control flow of exception initialization across the requests library's exception hierarchy?
75,import-a49656155026840884a29387,astropy/astropy,1.0,2,"[1.0, 1.0]",1.0,1.0,0,False,False,False,Why does the regression test that verifies compatibility with one-dimensional labeled array structures from the pandas library validate the interaction between these structures and the input conversion process in the convolution function that transforms various array-like inputs into numpy arrays for processing?
76,import-31eac5408780f375485d1372,fitbenchmarking/fitbenchmarking,1.0,2,"[1.0, 1.0]",1.0,1.0,0,False,False,False,How does the algorithm classification system categorize and select minimization algorithms across different fitting software controllers in the benchmarking framework?
77,import-cd3072c75efc38e52187803f,pallets/flask,1.0,2,"[1.0, 1.0]",1.0,1.0,1,False,False,False,What mechanisms ensure that template processing functions registered during modular component registration are accessible when templates are rendered using the shared template environment?
78,import-46f5ce1665470eaa3f16e1d3,pallets/flask,1.0,2,"[1.0, 1.0]",1.0,1.0,2,False,False,False,"How does the certificate parameter conversion method for the CLI certificate option implement a fallback chain to handle file paths, adhoc certificate strings, and SSLContext object imports?"
79,import-43485ea96059c7f844f04de6,sqlfluff/sqlfluff,1.0,2,"[1.0, 1.0]",1.0,1.0,1,False,False,False,Why does the MultiProcessRunner implementation in SQLFluff's parallel processing architecture not implement worker process recycling mechanisms to prevent memory accumulation during large-scale file linting operations?
80,import-66f5ff46a671ef64baa2528e,astropy/astropy,1.0,2,"[1.0, 1.0]",1.0,1.0,0,False,False,False,Where is the base class for all fitters defined and which module implements constraint processing for the Sequential Least Squares Programming fitter?
81,import-65a1891fa822d671607ca7cd,conan-io/conan,1.0,2,"[1.0, 1.0]",1.0,1.0,2,False,False,False,How does the method that computes the intersection of two version ranges use the helper function that determines the most restrictive boundary conditions to calculate limit conditions prior to setting the prerelease inclusion flag in the resulting version range?
82,import-b92cfba25135f714fce94cbd,pallets/flask,1.0,2,"[1.0, 1.0]",1.0,1.0,0,False,False,False,What is the purpose of the registration tracking flag in the blueprint collection class that prevents setup methods from being called after the blueprint has been registered once?
83,import-c0c0e3ccdd8a6e0f1043fa81,psf/requests,1.0,2,"[1.0, 1.0]",1.0,1.0,0,False,False,False,Where does the ProxyError exception propagate through the exception hierarchy to influence control flow when a proxy connection failure occurs in the requests library?
84,import-06b49ee02708261c54545230,matplotlib/matplotlib,1.0,2,"[1.0, 1.0]",1.0,1.0,2,False,False,False,"How does the _Style class leverage __new__ method interception combined with string parsing to implement a factory pattern that defers style instantiation until runtime, and what are the implications of this design choice on error handling for malformed style specifications?"
85,import-9a63abff5e099a311b325447,pallets/flask,1.0,2,"[1.0, 1.0]",1.0,1.0,0,False,False,False,How does the callback-based modification tracking in the session class that inherits from CallbackDict ensure consistency between in-memory session state and persisted cookie data across concurrent requests?
86,import-4a6d5066e06bc9dd2da09bf3,streamlink/streamlink,1.0,2,"[1.0, 1.0]",1.0,1.0,2,False,False,False,How does the function that decrypts OpenSSL-encrypted data implement the OpenSSL key derivation process using the key derivation helper function to generate both key and IV from passphrase and salt?
87,import-c92230120383eae96a30dd23,django/django,1.0,2,"[1.0, 1.0]",1.0,1.0,0,False,False,False,What architectural pattern does DetailViewTest employ to verify that context object naming and template resolution mechanisms maintain independence from the underlying object lookup strategy?
88,import-4e0704513cf4685f265c667c,qiboteam/qibo,1.0,2,"[1.0, 1.0]",1.0,1.0,0,False,False,False,What analytical visualization and fitting mechanisms does Qibocal implement for Rabi oscillation calibration experiments that enable automated parameter extraction from time-domain measurements?
89,import-1ffd12a087fb8ffcd8d5c83a,pytest-dev/pytest,1.0,2,"[1.0, 1.0]",1.0,1.0,0,False,False,False,"Where is the precise file location and line range where the DataclassWithOneItem class is defined, and how does its definition relate to the module structure of the pytest testing infrastructure?"
90,import-ca41edc641b1afc8b30dc72c,django/django,1.0,2,"[1.0, 1.0]",1.0,1.0,0,False,False,False,How does the exception-raising behavior of method5 in SomeClass interact with Django's template rendering framework to affect error handling and propagation through the template engine's execution stack?
91,import-de9df829f44b37f0367ada9f,astropy/astropy,1.0,2,"[1.0, 1.0]",1.0,1.0,2,False,False,False,How does the method that processes argument values in the custom argparse action class used for command-line options that accept either comma-separated lists or file references in the FITS file comparison script prevent unauthorized access to files outside the intended directory when processing file path arguments that begin with the '@' character?
92,import-6b86a8542b1f719a255eaa9b,sphinx-doc/sphinx,1.0,2,"[1.0, 1.0]",1.0,1.0,0,False,False,False,What is the dependency mechanism in the directive class that handles CSV table rendering in the patches module's execution method on the build environment context to correctly resolve file paths?
93,import-9d68e5be3114982aa71d0196,astropy/astropy,1.0,2,"[1.0, 1.0]",1.0,1.0,1,False,False,False,Why does the base class for non-corrupted header data units that enable checksum verification exist in the FITS header data unit hierarchy?
94,import-685a6003896e8843746f4ae6,geopandas/geopandas,1.0,2,"[1.0, 1.0]",1.0,1.0,0,False,False,False,Why do equality and inequality operations in GeometryArray use Python loops while other binary predicates like intersects and within use vectorized shapely functions?
95,import-610bfed3ebb2260ac674efff,astropy/astropy,1.0,2,"[1.0, 1.0]",1.0,1.0,1,False,False,False,Why does the function that validates unified content descriptor strings enforce stricter standard compliance when the configuration flag for VOTable version 1.2 or later is enabled?
96,import-ab775e75b5173b9102d26f5b,reflex-dev/reflex,1.0,2,"[1.0, 1.0]",1.0,1.0,0,False,False,False,Why does the keyboard event data structure enable mapping of browser keyboard events to the framework's event specifications?
97,import-0bf96393934c3bf7b8f86373,sqlfluff/sqlfluff,1.0,2,"[1.0, 1.0]",1.0,1.0,0,False,False,False,What is the relationship between the standalone header formatting function's use of StringIO text buffers and the output stream formatter class's responsibility for managing formatted output streams?
98,import-8537a12d6cb0b794eb77a8d5,sympy/sympy,1.0,2,"[1.0, 1.0]",1.0,1.0,1,False,False,False,What is the layered abstraction established by the class that inherits from both the multiprecision floating-point type and the domain element trait that separates low-level arithmetic concerns from high-level domain semantics?
99,import-2e972d2e3cde7129e37212b6,geopandas/geopandas,1.0,2,"[1.0, 1.0]",1.0,1.0,2,False,False,False,Where is the geocoding provider resolution and instantiation logic implemented in the geopandas geocoding system?
100,import-ea2fa37eac6acfbeb930734b,sphinx-doc/sphinx,1.0,2,"[1.0, 1.0]",1.0,1.0,1,False,False,False,What architectural separation does the initialization method in the builder class that generates Texinfo output establish between loading document configuration and early setup that prepares empty data structures within sequential processing phases?
101,import-b7ad5de2757dedec24b6e416,sqlfluff/sqlfluff,1.0,2,"[1.0, 1.0]",1.0,1.0,0,False,False,False,What coordination mechanism between the method that scans raw SQL files for inline configuration directives and the rule reference expansion process ensures that inline file directives override both string-based rule specifications and their corresponding internal list representations?
102,import-a46f6d512ea50e905597fe19,pylint-dev/pylint,1.0,2,"[1.0, 1.0]",1.0,1.0,0,False,False,False,How does a base class without a slot restriction declaration interact with the attribute assignment validation checker when inherited by subclasses that define slot restrictions or include the dynamic attribute dictionary in their slot restrictions?
103,import-08b6011c02575f9a28426046,sqlfluff/sqlfluff,1.0,2,"[1.0, 1.0]",1.0,1.0,0,False,False,False,How does the JinjaTracer implement template-to-SQL coordinate mapping during the template rendering process to maintain source position fidelity?
104,import-887e0169f5cf34c4373be9f5,sqlfluff/sqlfluff,1.0,2,"[1.0, 1.0]",1.0,1.0,1,False,False,False,Where in the Hive dialect function parsing class do grammar rules prevent ambiguity between the row keyword used as a function name versus type constructor?
105,import-a939417f297b866b74d477e0,conan-io/conan,1.0,2,"[1.0, 1.0]",1.0,1.0,1,False,False,False,What internal calls does the dependency graph building API perform to load a root consumer recipe file?
106,import-922d4c14d36f069b3d9ec937,scikit-learn/scikit-learn,1.0,2,"[1.0, 1.0]",1.0,1.0,1,False,False,False,"What is the layered validation architecture implemented by the test_docstring_parameters function that separates concerns between module discovery, class inspection, method validation, and error aggregation?"
107,import-ba2e9fa24eaea07f9f99f6db,mwaskom/seaborn,1.0,2,"[1.0, 1.0]",1.0,1.0,0,False,False,False,Where are the bootstrap statistical functions defined and imported across seaborn's legacy and modern statistical architecture?
108,import-cefead944ec86189b2d4046d,hylang/hy,1.0,2,"[1.0, 1.0]",1.0,1.0,0,False,False,False,What is the dependency relationship between Python builtin types and Hy model types in the automatic type promotion system?
109,import-ff92be4e5f68ed7fd1bd2c84,matplotlib/matplotlib,1.0,2,"[1.0, 1.0]",1.0,1.0,0,True,False,False,"Where is the logic that determines how ticklabel offsets are calculated based on vertical and horizontal alignment properties, and which methods invoke this calculation during the rendering pipeline?"
110,import-67325acf7a6d39b706b5fca2,sqlfluff/sqlfluff,1.0,2,"[1.0, 1.0]",1.0,1.0,0,False,False,False,Where are the @cached_property methods defined relative to their invalidation in BaseSegment's _recalculate_caches method?
111,import-97d8cfcaabe57eeac5e0c36d,astropy/astropy,1.0,2,"[1.0, 1.0]",1.0,1.0,2,False,False,False,Where in the logging system are file output handlers assigned character encoding from configuration settings versus platform-preferred encoding?
112,import-df9f0a9790e7c322298d3c3a,fitbenchmarking/fitbenchmarking,1.0,2,"[1.0, 1.0]",1.0,1.0,1,False,False,False,"Where are the plot styling constants defined that control the visual appearance of data, initial guess, best fit, and regular fit lines in the plotting system?"
113,import-55b0a97c4c4fa3ceab342e86,matplotlib/matplotlib,1.0,2,"[1.0, 1.0]",1.0,1.0,1,False,False,False,"How does the set_bbox_to_anchor method implement polymorphic input handling for bbox parameters of varying types (BboxBase, 2-tuple, 4-tuple) and what validation strategy ensures correctness during coordinate transformation?"
114,import-6feca8b1665f61ec6f045bdd,pytest-dev/pytest,1.0,2,"[1.0, 1.0]",1.0,1.0,0,False,False,False,How does the import_path API framework resolve module identity and ensure module caching consistency when the same file path is imported multiple times through different sys.path configurations?
115,import-6eb252a9807d12bd2e517e08,pytest-dev/pytest,1.0,2,"[1.0, 1.0]",1.0,1.0,1,False,False,False,Where does the data flow from `_early_rewrite_bailout` through `_basenames_to_check_rewrite` state mutation determine whether `find_spec` will invoke expensive filesystem operations?
116,import-32b13dca143dd8ff9e079b9f,psf/requests,1.0,2,"[1.0, 1.0]",1.0,1.0,2,False,False,False,Where in the morsel_to_cookie function implementation are the conditional branches that determine whether to parse the expires field as a timestamp string versus handling it as None or raising a TypeError?
117,import-80f76ce045575a9e5c2cea91,psf/requests,1.0,2,"[1.0, 1.0]",1.0,1.0,1,False,False,False,"Where is the delegation chain through which MockResponse.getheaders() ultimately retrieves header information, and why does the implementation appear incomplete in terms of return value handling?"
118,import-5822aa8702215124f14c2b08,numba/numba,1.0,2,"[1.0, 1.0]",1.0,1.0,1,False,True,False,How does Numba's autogenerated documentation system integrate Sphinx extensions with the inspector module to create cross-referenced API documentation?
119,import-af0bea45befe058b4862c1c4,psf/requests,1.0,2,"[1.0, 1.0]",1.0,1.0,1,False,True,False,"Why does the repeated invocation of key.lower() across __setitem__, __getitem__, and __delitem__ impact performance when CaseInsensitiveDict is used with high-frequency lookups on large datasets, and what optimization strategy could reduce this computational overhead?"
120,import-6af0b4540b3975856c3368f8,astropy/astropy,1.0,2,"[1.0, 1.0]",1.0,1.0,0,False,True,False,What is the semantic interpretation of the three-dimensional cartesian velocity differential object returned by the function that updates coordinate differentials to match a velocity reference while preserving spatial position when the parameter controlling whether the result remains in the original coordinate frame is False?
121,import-8009ef17ed6641b7c2042bbb,sympy/sympy,1.0,2,"[1.0, 1.0]",1.0,1.0,0,False,True,False,Why does the method that converts the Catalan constant singleton class to a multiple-precision floating-point value increase the precision parameter by ten bits before calling the fixed-precision computation function?
122,import-71d4d03cae99337aaa2ec333,pallets/flask,1.0,2,"[1.0, 1.0]",1.0,1.0,2,False,True,False,"Where does the control flow in the CLI group class's command retrieval method determine whether to return a directly registered command, an entry point loaded command, or an application CLI group command?"
123,import-a8f747280d42026c88700cfb,pytest-dev/pytest,1.0,2,"[1.0, 1.0]",1.0,1.0,0,False,True,False,"Why does the test design rely on injecting the TerminalReporter through a fixture request rather than directly instantiating it, and what architectural principle does this reflect about pytest's plugin system?"
124,import-c4177c340bb4233a26ddafd9,pytest-dev/pytest,1.0,2,"[1.0, 1.0]",1.0,1.0,0,False,True,False,Where does the `_marked_for_rewrite_cache` dictionary control the data flow through `_is_marked_for_rewrite` to prevent redundant module rewrite decisions across multiple import attempts?
125,import-9f57a9f5e2784a78f4971602,sympy/sympy,1.0,2,"[1.0, 1.0]",1.0,1.0,2,False,True,False,Why does the abstract base class for N-dimensional arrays delegate object creation to the immutable dense storage implementation instead of providing its own initialization?
126,import-52d3d31460a797c62480ea42,sqlfluff/sqlfluff,1.0,2,"[1.0, 1.0]",1.0,1.0,1,False,True,False,What is the longest-match priority algorithm in the grammar matching attribute of the top-level statement parsing segment that resolves ambiguity when multiple statement type patterns match the same input token sequence?
127,import-15a6f06f0687b4b3272302c0,python-pillow/pillow,1.0,2,"[1.0, 1.0]",1.0,1.0,0,True,True,False,"Where are the security tokens and API keys (TIDELIFT_API_KEY, CODECOV_ORG_TOKEN) defined and referenced across Pillow's multi-workflow GitHub Actions CI system?"
128,import-bcdb090bf0ccaec686389e44,qiboteam/qibo,1.0,2,"[1.0, 1.0]",1.0,1.0,0,False,True,False,Where is the circuit visualization and drawing functionality implemented in qibo's codebase?
129,import-541ca7fd1b492e9f5907fdd9,mkdocs/mkdocs,1.0,2,"[1.0, 1.0]",1.0,1.0,1,False,True,False,Why does mkdocs' configuration file discovery mechanism fail to scale efficiently when processing documentation sites with large numbers of files?
130,import-bd12b4bba6477ccf397da3df,matplotlib/matplotlib,1.0,2,"[1.0, 1.0]",1.0,1.0,0,False,True,False,Where is the NonAffineForTest class defined that is instantiated in the setup_method of TestBasicTransform?
131,import-794a3c10f661abd4d90475e2,bridgecrewio/checkov,1.0,2,"[1.0, 1.0]",1.0,1.0,0,False,True,False,What is the inheritance hierarchy and dependency relationships between Checkov's infrastructure-as-code parsing components across different file format handlers?
132,import-7d6823707be2576b35564920,sympy/sympy,1.0,2,"[1.0, 1.0]",1.0,1.0,1,False,True,False,Where does the function that diagonalizes vectors instantiate the matrix expression class that converts vectors to diagonal matrices?
133,import-a4f671a8d170db8bd6760b6e,matplotlib/matplotlib,1.0,2,"[1.0, 1.0]",1.0,1.0,2,False,True,False,"Why does the ParserState class use a property decorator for the font attribute instead of direct attribute access, and how does this design choice enable the coupling between font and font_class state management?"
134,import-94620d5fb20f2de7beb24daa,django/django,1.0,2,"[1.0, 1.0]",1.0,1.0,1,False,True,False,"Where in the codebase is the logic that determines whether a sequence has been manually created versus automatically generated by the database identity mechanism, and how does the introspection layer differentiate between these two states when calling get_sequences?"
135,import-e7241e0671b61cec057fda60,pallets/flask,1.0,2,"[1.0, 1.0]",1.0,1.0,0,False,True,False,What is the relationship between the ASCII-only encoding control parameter in the framework's JSON serialization provider and Unicode character representation in serialized output?
136,import-1ac88ef029f81440cbfd6431,scikit-learn/scikit-learn,1.0,2,"[1.0, 1.0]",1.0,1.0,1,False,True,False,"How does the shrink_threshold parameter implementation in the fit method employ soft thresholding to achieve feature selection, and what data consistency guarantees must be maintained between the deviations_ and centroids_ attributes during this transformation?"
137,import-a322ec379eb5deb49b538467,matplotlib/matplotlib,1.0,2,"[1.0, 1.0]",1.0,1.0,2,False,True,False,Why does the _update_glyph_map_defs method scale glyph vertices by 64 before path conversion and then apply a 1/64 scale transform in the SVG output?
138,import-12be21213c5b31a2eb1ef45d,matplotlib/matplotlib,1.0,2,"[1.0, 1.0]",1.0,1.0,0,False,True,False,How should the `contains` method in `OffsetBox` be refactored to decouple the canvas validation logic from the child delegation logic while maintaining testability of each responsibility?
139,import-5dd45a2df70b293f78842f8d,psf/requests,1.0,2,"[1.0, 1.0]",1.0,1.0,0,True,True,False,How does the Response class separate concerns between lazy content materialization and serialization state management to enable pickle support while maintaining streaming semantics?
140,import-58fb00435ff8c2c0b115179a,streamlink/streamlink,1.0,2,"[1.0, 1.0]",1.0,1.0,1,False,True,False,Why does the frame metadata storage class facilitate accurate frame rendering and synchronization within the browser debugging protocol's screen capture functionality?
141,import-72aff38709772db5f23e0772,astropy/astropy,1.0,2,"[1.0, 1.0]",1.0,1.0,1,False,True,False,Where in the control flow of the Simple Imaging Polynomial distortion correction method does the transformation of input coordinates pass through intermediate shifted values before polynomial distortion application?
142,import-399de795fd21f4a142b65f26,sqlfluff/sqlfluff,1.0,2,"[1.0, 1.0]",1.0,1.0,0,False,True,False,Where are the core rule test validation functions like assert_rule_pass_in_sql and assert_rule_fail_in_sql defined in SQLFluff's testing infrastructure?
143,import-1eb027be8692915d88e257d6,sympy/sympy,1.0,2,"[1.0, 1.0]",1.0,1.0,1,False,True,False,"Where does the Kane's method class conditionally create a secondary instance when auxiliary speeds are present, transferring the coordinate-to-speed mapping from the original instance?"
144,import-ab79b580dc1d6a4a8e7d9d52,django/django,1.0,2,"[1.0, 1.0]",1.0,1.0,0,False,True,False,"How does the abstract Meta class configuration in BaseArticle affect the Django ORM's model inheritance resolution when subclasses override the get_absolute_url method, and what are the implications for generic view routing in the create_update view pipeline?"
145,import-c66f68de1bb6bf36d4da9fb0,psf/requests,1.0,2,"[1.0, 1.0]",1.0,1.0,0,False,True,False,Where does the CaseInsensitiveDict class implement the __iter__ method to ensure that test_list can successfully convert the dictionary to a list containing only the normalized key 'Accept'?
146,import-fb251bfe1f21351861faed14,pallets/flask,1.0,2,"[1.0, 1.0]",1.0,1.0,0,False,True,False,Why does the CLI helper class that manages Flask application loading provide both a direct callable factory parameter and an import path parameter as alternative instantiation mechanisms?
147,import-777dde0184a6d7f4f0cd1b22,psf/requests,1.0,2,"[1.0, 1.0]",1.0,1.0,0,False,True,False,Where does the URL parsing and credential extraction dataflow in the prepare() method handle the propagation of authentication information through the request preparation pipeline when a URL contains a long username and password string?
148,import-9701f44e1692a89b3ac45607,psf/requests,1.0,2,"[1.0, 1.0]",1.0,1.0,0,False,True,False,Where does the control flow in TestIsValidCIDR.test_invalid branch based on the parametrized value parameter to determine which validation path is executed within the is_valid_cidr function call?
149,import-b8a5cb138ed333fb99423b5b,django/django,1.0,2,"[1.0, 1.0]",1.0,1.0,1,False,True,False,Where is the ResolvedOuterRef class instantiated within the OuterRef class hierarchy and what is the control flow that determines when this instantiation occurs versus returning the original reference?
150,import-3758bbb4a5d715e4f1ca46c5,numba/numba,1.0,2,"[1.0, 1.0]",1.0,1.0,2,False,True,False,Why does numba's setup.py implement conditional build logic that defers numpy import until extension compilation phase rather than declaring it as a standard build dependency?
151,import-79a9e4122df26a7d4134f056,sqlfluff/sqlfluff,1.0,2,"[1.0, 1.0]",1.0,1.0,1,False,True,False,How should the factory method that constructs depth maps from raw segments and a root segment be refactored to leverage caching optimizations similar to the factory method that uses cached ancestor information from a parent segment?
152,import-4366589f28d5c6e97628b246,matplotlib/matplotlib,1.0,2,"[1.0, 1.0]",1.0,1.0,1,False,True,False,"Where is the chain of responsibility that connects the add_toolitem method's position calculation logic through _get_tool_pos to the separator management in _groups, and how does this chain determine the final insertion index for tools?"
153,import-64f4132e27c09eeaf9d7a72a,matplotlib/matplotlib,1.0,2,"[1.0, 1.0]",1.0,1.0,1,False,True,False,Why does the LayoutGrid class leverage the kiwisolver constraint system to maintain consistent spatial relationships between parent and child grids while allowing dynamic margin adjustments?
154,import-381108a98da087f9eab5eb8c,psf/requests,1.0,2,"[1.0, 1.0]",1.0,1.0,1,False,True,False,Why does the ConnectionError exception class serve as a specialized error handler within the requests library's exception hierarchy to distinguish network-level connection failures from other RequestException subclasses during HTTP request processing?
155,import-7af09323ca92e00c556d4551,matplotlib/matplotlib,1.0,2,"[1.0, 1.0]",1.0,1.0,2,False,True,False,"Why does the test_shared_and_moved function verify that tick label visibility remains consistent when axis sharing is combined with explicit tick position changes, and what underlying matplotlib behavior does this test protect against?"
156,import-54972e376ae4ea2abfed98dd,pytest-dev/pytest,1.0,2,"[1.0, 1.0]",1.0,1.0,2,False,True,False,Where in the LocalPath class can I locate the code logic responsible for assigning the absolute path value to the strpath attribute during initialization?
157,import-e4267054871c6c8986c42411,mkdocs/mkdocs,1.0,2,"[1.0, 1.0]",1.0,1.0,1,False,True,False,How is datetime objects in page contexts and build metadata being serialized as JSON in mkdocs?
158,import-631d2eff63731114bc8fbe2a,pytest-dev/pytest,1.0,2,"[1.0, 1.0]",1.0,1.0,2,False,True,False,Where in the test_attr_hasmarkup function is the hasmarkup attribute of the TerminalWriter instance being bound to control the ANSI escape code injection behavior?
159,import-4019bb0e4ec8167324c60b55,pallets/flask,1.0,2,"[1.0, 1.0]",1.0,1.0,0,False,True,False,How does the deferred registration mechanism ensure that custom template filters registered through the blueprint's application-level filter registration method are accessible in the template rendering environment when the blueprint is mounted with a URL path prefix?
160,import-9bf889d14b884ea533ee5165,getsentry/responses,1.0,2,"[1.0, 1.0]",1.0,1.0,0,True,True,False,Where is the header merging logic implemented that causes content-type conflicts when both `content_type` parameter and `Content-Type` header are specified in Response creation?
161,import-db89c718c8f990426951c536,omni-us/jsonargparse,1.0,2,"[1.0, 1.0]",1.0,1.0,0,False,True,False,"What is the inheritance hierarchy used by jsonargparse's parameter resolution system to handle different dataclass-like types (standard dataclasses, Pydantic models, and attrs classes)?"
162,import-bb187ae6eb9cc7390796bd19,yt-dlp/yt-dlp,1.0,2,"[1.0, 1.0]",1.0,1.0,2,False,True,False,Where are the HTTPError class and HTTP status code error messages like 'HTTP Error 403: Forbidden' defined in the yt-dlp error handling system?
163,import-7d27deae95f6aee34f12862f,astropy/astropy,1.0,2,"[1.0, 1.0]",1.0,1.0,1,False,True,False,Where during XML serialization in the VOTable format handling module is the warning condition that detects masked bit datatype values evaluated?
164,import-e69d2540b26614b28ac5e1a0,hgrecco/pint,1.0,2,"[1.0, 1.0]",1.0,1.0,2,False,True,False,Where is the `_non_int_type` attribute defined and initialized within Pint's UnitsContainer class hierarchy?
165,import-6d68ecd979748f1847974a59,pallets/flask,1.0,2,"[1.0, 1.0]",1.0,1.0,0,False,True,False,"How does the error handling strategy in the application context globals namespace class's attribute access, deletion, and removal methods balance between raising AttributeError for missing attributes and providing default values?"
166,import-e646d396b85d04eb0e74f247,hgrecco/pint,1.0,2,"[1.0, 1.0]",1.0,1.0,0,False,True,False,Why is Pint's unit registry implemented as a hierarchical architecture with five specialized registry classes instead of a single monolithic registry?
167,import-f24c3207edd6d605f448fa9b,astropy/astropy,1.0,2,"[1.0, 1.0]",1.0,1.0,1,False,True,False,How does the base context manager class in astropy.config.paths that temporarily overrides configuration and cache directory paths ensure atomicity and exception safety when overriding its class-level temporary path attribute during context manager entry?
168,import-ff63c98045e66a3835ea35b8,scikit-learn/scikit-learn,1.0,2,"[1.0, 1.0]",1.0,1.0,1,False,True,False,"What is the architectural responsibility of the _local_reachability_density() method within LocalOutlierFactor's computational pipeline, and how does its encapsulation enable the separation between training-time and inference-time density calculations?"
169,import-54cbdca6f0d633f7c6542dfa,pytest-dev/pytest,1.0,2,"[1.0, 1.0]",1.0,1.0,1,False,True,False,How does the RunAndParse class decouple the concerns of test execution orchestration from XML schema validation and document parsing to maintain separation of responsibilities?
170,import-f63a91060c9b4476e6c3796c,scikit-learn/scikit-learn,1.0,2,"[1.0, 1.0]",1.0,1.0,2,False,True,False,"How does the test_check_n_classes function construct allowed_dtypes by combining both int32 and int64 with their byte-order variants, and what would be the consequence of removing the newbyteorder() transformation step for detecting endianness-related validation failures?"
171,import-2a5efe1fe971140b25385746,django/django,1.0,2,"[1.0, 1.0]",1.0,1.0,0,False,True,False,"Why does the test_multiplechoicefield_2 function deliberately test type coercion of integer inputs like [1] to string outputs like ['1'] rather than rejecting them as invalid choices, and what design principle in form field validation justifies this lenient input handling?"
172,import-f474915d5eb21168ff5ede92,sanic-org/sanic,1.0,2,"[1.0, 1.0]",1.0,1.0,0,False,True,False,Why does Sanic implement different signal handling strategies for Windows versus Unix systems in its server lifecycle management?
173,import-9b7f614e174db3236d68bd50,sqlfluff/sqlfluff,1.0,2,"[1.0, 1.0]",1.0,1.0,1,False,True,False, What is the architectural design of the NamedTuple storing parsing results with an optional parse tree field enabling graceful degradation when parsing fails at different pipeline stages?
174,import-305c458fcdca03858feccc88,mkdocs/mkdocs,1.0,2,"[1.0, 1.0]",1.0,1.0,0,False,True,False,Why does MkDocs navigation system fail to scale efficiently when rendering deep hierarchical site structures with many nested sections?
175,import-6caf0d79919029b2e7f3e26e,astropy/astropy,1.0,2,"[1.0, 1.0]",1.0,1.0,0,False,True,False,How does the unit validation decorator that validates function argument and return value units in the astropy units module handle return type annotation when explicitly set to None in the decorated function signature?
176,import-aaeb63954dae3a661c8a99b0,psf/requests,1.0,2,"[1.0, 1.0]",1.0,1.0,0,False,True,False,What is the impact of removing the `merge_cookies` function calls on the authentication flow when a session has both pre-configured cookies and request-specific cookies that need to be transmitted together?
177,import-f35a25d4323f7fb29e68ae3d,pytest-dev/pytest,1.0,2,"[1.0, 1.0]",1.0,1.0,0,False,True,False,What is the architectural pattern in the TestArgComplete class that decouples the comparison logic between FastFilesCompleter and FilesCompleter implementations to enable independent evolution of bash completion strategies?
178,import-5f620f2dec3858c4036260ee,yt-dlp/yt-dlp,1.0,2,"[1.0, 1.0]",1.0,1.0,0,False,True,False,Where is the 'Unable to find video URL' error message defined that gets raised when Teachable extractor cannot locate video content?
179,import-9a5a10dd72fcb2146da22387,django/django,0.9375,2,"[1.0, 0.875]",0.9375,0.9375,0,False,True,False,"How does the Migration class resolve and validate the dependency chain specified in the dependencies attribute before executing operations, and what mechanisms ensure that dependent migrations are processed in the correct topological order?"
180,import-9090a5ee6e510bdbc8a36db1,scikit-learn/scikit-learn,0.9,2,"[1.0, 0.8]",0.9,0.8999999999999999,0,False,True,False,"Why does the Version class defer the extraction of numeric components from pre, post, and dev tuples until property access time rather than storing them directly during initialization?"
181,import-de856d15114a7c0e30b8dd03,psf/requests,0.875,2,"[1.0, 0.75]",0.875,0.875,1,False,True,False,How does the register_hook method's dual handling of Callable and iterable hook parameters create a potential algorithmic inconsistency when deregister_hook attempts to remove hooks registered as part of an iterable collection?
182,import-fbb1c6f6cd50f3383decac05,reflex-dev/reflex,0.875,2,"[0.75, 1.0]",0.875,0.875,0,False,True,False,How does setting the child element substitution flag to True affect the rendering behavior of a dropdown menu trigger component in relation to its allowed parent components configuration and render caching configuration attribute?
183,import-1517a212c8df5b2477819c8e,mwaskom/seaborn,0.875,2,"[0.75, 1.0]",0.875,0.875,0,False,True,False,Where are the custom Sphinx extension entry points and their corresponding handler functions defined in seaborn's documentation build system?
184,import-f0b02694091900c5a86c7d2d,scikit-learn/scikit-learn,0.8333333333333334,2,"[0.8333333333333334, 0.8333333333333334]",0.8333333333333334,0.8333333333333335,0,False,True,False,How does AdditiveChi2Sampler's design decouple the mathematical transformation logic from input validation and sparse/dense matrix handling to maintain separation of concerns?
185,import-d1e1515af4b6ee998c532e51,pallets/flask,0.8333333333333333,2,"[1.0, 0.6666666666666666]",0.8333333333333333,0.8333333333333333,0,False,True,False,How does the method that registers URL rules on blueprint objects defer registration by storing an anonymous function in the deferred setup functions list instead of immediately calling the setup state's registration method?
186,import-26e776dc85c824f530a3c798,reflex-dev/reflex,0.8333333333333333,2,"[0.6666666666666666, 1.0]",0.8333333333333333,0.8333333333333333,0,False,True,False,What is the mechanism by which the function that resets state subclasses during module reloading ensures that reloading a module does not leave stale references in the internal state class for handling page load events and its subclass hierarchy?
187,import-897afbb814dd1dee6c1ae1ed,mkdocs/mkdocs,0.8333333333333333,2,"[0.6666666666666666, 1.0]",0.8333333333333333,0.8333333333333333,0,False,True,False,"What are the core components responsible for text encoding, Unicode handling, and character processing in mkdocs' markdown-to-HTML conversion pipeline?"
188,import-c586977613eb773cac977b32,pennylaneai/pennylane,0.8,2,"[0.8, 0.8]",0.8,0.8,0,False,True,True,Where does operator metadata flow through the serialization pipeline when converting between PennyLane operators and HDF5 storage format?
189,import-f350448a035938a26ee17cad,yt-dlp/yt-dlp,0.8,2,"[0.8, 0.8]",0.8,0.8,0,False,True,True,"How does yt-dlp implement its multi-format adaptive streaming extraction algorithm to coordinate between HLS (M3U8), DASH (MPD), and F4M manifest parsing for optimal format selection?"
190,import-8ef0e1b957a22b443baf00d3,pytest-dev/pytest,0.75,2,"[0.75, 0.75]",0.75,0.75,0,False,True,True,"Where does the data flow of marker information propagate from the autouse fixture in test_accessmarker_dynamic through the request object to multiple test functions, and what control flow mechanism ensures that dynamically applied markers via applymarker are visible to all dependent tests in the same scope?"
191,import-1b63c17c6302af20f84d85a2,mwaskom/seaborn,0.75,2,"[1.0, 0.5]",0.75,0.75,1,False,True,True,Where does the data flow branch between wide-form and long-form processing paths in seaborn's variable assignment system?
192,import-0c4ab7cb422a1759ab019409,matplotlib/matplotlib,0.75,2,"[0.5, 1.0]",0.75,0.75,0,False,True,True,"Where is the _update_prop method that is called by update_prop in HandlerRegularPolyCollection defined, and what is its inheritance chain?"
193,import-2b68938f4832c48ae2956b42,scikit-learn/scikit-learn,0.75,2,"[0.75, 0.75]",0.75,0.75,0,False,True,True,Why does the exception handling mechanism in OpenMLError impact the performance of HTTP error recovery operations when processing large-scale dataset downloads with retry logic?
194,import-e92542bf5a046255f098d304,sympy/sympy,0.75,2,"[0.5, 1.0]",0.75,0.75,0,False,True,True,Where are the lower-level helper functions located that the evaluation method of the Dirichlet eta function class delegates to for computing zeta function values and digamma transformations?
195,import-1bb3321682f47d86c458c9e9,astropy/astropy,0.75,2,"[0.5, 1.0]",0.75,0.75,0,False,True,True,"What is the dependency relationship between the class that manages macro definitions and performs token expansion in the ANSI-C style preprocessor and the data container class that stores macro information including name, token sequence, and variadic flag, in handling macros that accept a variable number of arguments during replacement of macro references with their expanded token sequences?"
196,import-1283a292fcfa83e492caf412,sphinx-doc/sphinx,0.75,2,"[0.5, 1.0]",0.75,0.75,0,False,True,True,How does the theme retrieval method in the LaTeX theme factory resolve precedence when a name exists in both predefined themes and user theme directories?
197,import-4763ded2aee9e35bc66c4499,qiboteam/qibo,0.75,2,"[1.0, 0.5]",0.75,0.75,0,False,True,True,Why does qibo's distributed quantum circuit execution system partition gates into device-specific queues and coordinate global qubit swapping across multiple accelerators?
198,import-562008386b1d3ae2a7a1f402,pallets/flask,0.75,2,"[0.5, 1.0]",0.75,0.75,1,False,True,True,Why does the test that validates blueprint names cannot contain dots ensure that creating a modular route component with names containing dot characters raises a ValueError?
199,import-be34a26cecb95595b7a51d1f,pytest-dev/pytest,0.75,2,"[0.625, 0.875]",0.75,0.75,0,False,True,True,"Where does the MockTiming.patch method's delegation to monkeypatch.setattr establish the interception points for timing module functions, and what is the relationship between the three separate setattr calls in terms of their execution order and potential side effects on the timing module's state?"
200,import-79731e26e56a687a34e7b564,getsentry/responses,0.75,2,"[1.0, 0.5]",0.75,0.75,0,False,True,True,How does the responses library implement the decorator pattern to preserve function signatures while enabling HTTP request interception through dynamic code generation?
201,import-addfe691d348e020fddb5945,sphinx-doc/sphinx,0.75,2,"[0.5, 1.0]",0.75,0.75,0,False,True,True,How does the method that exhausts all remaining lines coordinate with the deque-based iterator state management to ensure complete line consumption without causing state inconsistencies in the Google-style docstring parser?
202,import-667d41494071f29d516a169b,scikit-learn/scikit-learn,0.75,2,"[1.0, 0.5]",0.75,0.75,0,False,True,True,"Why does the warm_start mechanism in _posterior_mode() reduce computational overhead during hyperparameter optimization, and what performance trade-offs occur when caching the latent function values across multiple log_marginal_likelihood evaluations?"
203,import-2990875a5b852487638b13f8,sphinx-doc/sphinx,0.75,2,"[1.0, 0.5]",0.75,0.75,0,False,True,True,What classes inherit from or depend on the HyperlinkAvailabilityCheckWorker in the linkcheck builder's threading architecture?
204,import-e2dd929039348918fafda9fd,conan-io/conan,0.75,2,"[1.0, 0.5]",0.75,0.75,0,False,True,True,What architectural mechanism does the local development operations interface use to integrate editable package registration with profile-driven configuration for source execution?
205,import-49ca4f26b78dabe104a283b9,streamlink/streamlink,0.75,2,"[0.5, 1.0]",0.75,0.75,0,False,True,True,Why is the domain code generator class used in generating type-safe Python modules from protocol domain definitions?
206,import-d9c2edd973b0296deb92af7e,getsentry/responses,0.75,2,"[0.625, 0.875]",0.75,0.75,0,False,True,True,"How does the matcher architecture in responses coordinate between BaseResponse URL matching, request-specific matchers, and the RequestsMock registry to enable flexible HTTP request interception?"
207,import-535d769c328871b186aff333,django/django,0.75,2,"[1.0, 0.5]",0.75,0.75,0,False,True,True,"Where does the conditional invocation of `queryset.all()` versus `self.model._default_manager.all()` in `get_queryset` occur and how does it affect the subsequent ordering logic, and what are the implications for QuerySet-specific behavior when neither path is taken?"
208,import-06b33a277dc70ceda4f72a3a,reflex-dev/reflex,0.75,2,"[0.5, 1.0]",0.75,0.75,1,False,True,True,Why does the dynamic resolution of the icon identifier parameter in the component creation method of the icon rendering component class cause runtime overhead when rendering large numbers of icons?
209,import-a0217123c989a3104b83a176,pallets/flask,0.75,2,"[1.0, 0.5]",0.75,0.75,0,False,True,True,How does the namespace object that stores application-level data during an application context maintain thread-safety and context isolation when accessed concurrently through the contextvars mechanism?
210,import-25f3e9c0ab67425942f5083a,django/django,0.75,2,"[0.5, 1.0]",0.75,0.75,0,False,True,True,"What is the design choice behind calling aggregate() without arguments on a QuerySet returning an empty dictionary rather than null or raising an exception, and what architectural implications does this have for Django's ORM aggregation pipeline?"
211,import-214e735279e53690253950d8,astropy/astropy,0.75,2,"[1.0, 0.5]",0.75,0.75,1,False,True,True,Why is the test function in the console utilities test module that verifies terminal color output without assertions implemented as a smoke test rather than a comprehensive unit test?
212,import-2e33d82a865b9e8b22764c78,streamlink/streamlink,0.75,2,"[0.5, 1.0]",0.75,0.75,0,False,True,True,Why does the parameter that enables reduced-latency streaming mode in a platform-specific HLS stream implementation class's initialization affect HLS segment fetching performance and buffer management?
213,import-af585e7dd651662a56afa2ec,getsentry/responses,0.75,2,"[0.5, 1.0]",0.75,0.75,1,False,True,True,How does the responses library implement signature preservation in its decorator pattern to maintain compatibility with testing framework fixture injection systems?
214,import-4c744eb48b4b9c0d749a377a,django/django,0.75,2,"[0.75, 0.75]",0.75,0.75,0,False,True,True,What is the Reference base class design pattern that enables subclasses to implement different reference tracking strategies while maintaining a consistent interface for DDL operations?
215,import-42094ef70792940aeb437a5e,psf/requests,0.6666666666666666,2,"[0.6666666666666666, 0.6666666666666666]",0.6666666666666666,0.6666666666666665,0,False,True,True,"What is the dependency chain between the TestRequests class and the requests library's exception hierarchy, and how do these exception types interact with the error-handling mechanisms in redirect and authentication scenarios?"
216,import-b2f9efff3579ee2b64061a4e,numba/numba,0.6666666666666666,2,"[0.6666666666666666, 0.6666666666666666]",0.6666666666666666,0.6666666666666665,0,False,True,True,What inheritance relationships exist between LiteralStrKeyDict and other container types in Numba's type system hierarchy?
217,import-7d32415b82cbe00f47ca2acb,psf/requests,0.6666666666666666,2,"[0.6666666666666666, 0.6666666666666666]",0.6666666666666666,0.6666666666666665,0,False,True,True,What is the architectural responsibility of the request preparation layer in the requests library for normalizing heterogeneous file object metadata when constructing multipart form-data payloads?
218,import-75067f6e8485dbf168747a9e,pallets/flask,0.6666666666666666,2,"[0.6666666666666666, 0.6666666666666666]",0.6666666666666666,0.6666666666666665,0,False,True,True,How does the decorator that copies request contexts handle isolation of lightweight concurrent execution contexts while preserving session data across execution boundaries?
219,import-a1c330b35030b4338aab1cf4,hylang/hy,0.6666666666666666,2,"[0.6666666666666666, 0.6666666666666666]",0.6666666666666666,0.6666666666666665,0,False,True,True,What custom behaviors and configurations are applied during the Hy package installation process defined in setup.py?
220,import-e270a6ca69ae7ed29865bc7c,psf/requests,0.6666666666666666,2,"[0.6666666666666666, 0.6666666666666666]",0.6666666666666666,0.6666666666666665,0,False,True,True,Why does the guess_filename function's validation logic prevent security vulnerabilities when extracting filenames from file-like objects in multipart form data handling?
221,import-608536679587551bab88f0fe,hgrecco/pint,0.6666666666666666,2,"[0.6666666666666666, 0.6666666666666666]",0.6666666666666666,0.6666666666666665,0,False,True,True,What constitutes the automated code quality enforcement workflow pipeline in this project's CI system?
222,import-f779fa060a438f4ed9833265,hgrecco/pint,0.6666666666666666,2,"[0.6666666666666666, 0.6666666666666666]",0.6666666666666666,0.6666666666666665,0,False,True,True,Where is the main expression parsing logic implemented that handles special characters and operators in unit expressions?
223,import-693be4e958509777e9562251,matplotlib/matplotlib,0.6666666666666666,2,"[0.6666666666666666, 0.6666666666666666]",0.6666666666666666,0.6666666666666665,0,False,True,True,Why does the repeated instantiation of CanvasFrame objects within MyApp's OnInit method impact memory allocation and garbage collection overhead in long-running wxPython applications with multiple frame creations?
224,import-bf87e37c5d76ddd430e1f49e,docker/docker-py,0.6666666666666666,2,"[0.6666666666666666, 0.6666666666666666]",0.6666666666666666,0.6666666666666665,0,False,True,True,What are the core components and mechanisms of docker-py's API version compatibility system?
225,import-a339824c4064e23a7485f942,pennylaneai/pennylane,0.6666666666666666,2,"[0.6666666666666666, 0.6666666666666666]",0.6666666666666666,0.6666666666666665,0,False,True,True,"Where are the BitGenerator classes (MT19937, Philox, SFC64) imported but not used in PennyLane's random number generation implementation?"
226,import-46068ec0186c98b89945cd16,sphinx-doc/sphinx,0.6388888888888888,2,"[0.5555555555555556, 0.7222222222222222]",0.6388888888888888,0.6388888888888888,0,False,True,True,Where is the change detection logic implemented that determines which documents need to be rebuilt during incremental builds in Sphinx?
227,import-2f228b75418088bf281e50c8,sympy/sympy,0.625,2,"[0.25, 1.0]",0.625,0.625,0,False,True,True,How does the abstract base class for muscle activation dynamics models decouple symbolic equation representation from numerical solver implementations using abstract property interfaces?
228,import-c7de1bb281a9a22e10168b1f,psf/requests,0.625,2,"[1.0, 0.25]",0.625,0.625,0,False,True,True,"What are the critical environmental prerequisites for the TestRequests test methods that involve SSL/TLS operations to execute without failures, and how do these methods depend on external system resources?"
229,import-80e0bd535d2dab28c20b2941,django/django,0.625,2,"[0.5, 0.75]",0.625,0.625,0,False,True,True,What is the inhibit_post_migrate stealth option and how does it prevent unintended side effects when flushing a database with populated migration history?
230,import-e3922d09de456a389e48d130,scikit-learn/scikit-learn,0.6,2,"[0.6, 0.6]",0.6,0.6000000000000001,0,False,True,True,"What is the architectural rationale for LocalOutlierFactor's decision to cache _distances_fit_X_, _neighbors_indices_fit_X_, and _lrd as instance attributes during fit(), and how does this caching strategy impact the control flow of predict() versus score_samples()?"
231,import-528b2c0d9016f69a22fea98e,psf/requests,0.6,2,"[0.6, 0.6]",0.6,0.6000000000000001,0,False,True,True,Where in the codebase is the TooManyRedirects exception raised and what is the call chain that leads to its instantiation from the redirect handling logic?
232,import-4e9b74e94d9bda4d05cc5588,docker/docker-py,0.5833333333333334,2,"[1.0, 0.16666666666666666]",0.5833333333333334,0.5833333333333335,0,False,True,True,"Where is the main URL parsing and connection adapter selection logic implemented for different Docker host protocols (unix, tcp, ssh, npipe)?"
233,import-54b08cf47a74aa61472a3894,sqlfluff/sqlfluff,0.5,2,"[1.0, 0]",0.5,0.5,0,False,True,True,How does the SELECT REPLACE clause segment's parsing grammar handle failures when the delimiter-based parser encounters malformed expression-alias pairs that violate expression or identifier grammar constraints?
234,import-3b1585e72c884016b0904e26,reflex-dev/reflex,0.5,2,"[0.0, 1.0]",0.5,0.5,1,False,True,True,Where does invoking a component namespace class as a callable redirect execution to the factory method for creating list components within the component structure for lists?
235,import-d57e939d0d4e04794ef5bc23,sympy/sympy,0.5,2,"[1.0, 0.0]",0.5,0.5,0,False,True,True,How does the column transformation method in the matrix reduction operations mixin class coordinate the entry computation function with the matrix instance creation method during column operations?
236,import-a7acedd96acb00285642ade2,sympy/sympy,0.5,2,"[0.5, 0.5]",0.5,0.5,0,False,True,True,How does the base wrapper class in the autowrap module propagate compilation failure exceptions through its code generation and compilation pipeline when external tools fail?
237,import-78ed33c222534d24ac66f92b,streamlink/streamlink,0.5,2,"[0, 1.0]",0.5,0.5,0,False,True,True,What is the semantic meaning of the boolean parameter that controls reduced-latency streaming mode in the constructor of a platform-specific HLS stream implementation class?
238,import-7b1946360dfbdfd9e31b6153,streamlink/streamlink,0.5,2,"[0, 1.0]",0.5,0.5,1,False,True,True,What is the mechanism by which the terminal-constrained progress message formatter's formatting method dynamically adjusts variable segment widths based on terminal constraints and parameter callbacks?
239,import-8067202b59802400f5895cb1,fitbenchmarking/fitbenchmarking,0.5,2,"[0.5, 0.5]",0.5,0.5,0,True,True,True,Where is the table column toggling functionality implemented for dynamically showing/hiding minimizer columns in the results tables?
240,import-2128ca52106ba83f6903775c,sphinx-doc/sphinx,0.5,2,"[1.0, 0.0]",0.5,0.5,0,False,True,True,How should the process that records objects for cross-referencing and generates index entries be designed so that flags indicating method decorator types are consistently reflected in both the storage mapping object names to documentation locations and the hierarchical structure of documentation nodes without duplicating the code that checks decorator properties across the components that process these flags?
241,import-e47d2970d21c0c37916e16c8,streamlink/streamlink,0.5,2,"[1.0, 0]",0.5,0.5,1,False,True,True,How does the configuration flag that determines whether unmatched network requests should be blocked or allowed to proceed in the client session manager for browser tab interactions and network request interception affect the request interception behavior during the asynchronous event processing cycle when handling network request interception events?
242,import-27c88e9800690e60af874728,matplotlib/matplotlib,0.5,2,"[0.0, 1.0]",0.5,0.5,1,False,True,True,Why does the RendererSVG class employ a deferred rendering strategy where clip paths and hatches are written only during finalization rather than immediately when encountered?
243,import-30c73be47da9a60a446793de,reflex-dev/reflex,0.5,2,"[1.0, 0]",0.5,0.5,0,False,True,True,How does the routing state data structure in a test function that validates current page path updates demonstrate the State pattern's influence on concurrency handling in Reflex?
244,import-3950d154749fe63577cf0c0a,django/django,0.5,2,"[0.5, 0.5]",0.5,0.5,0,False,True,True,"How does the `initial_form_count` method in `BaseFormSet` reconcile the dual data sources of management form state and initial data to determine the authoritative form count, and what are the implications of this branching logic for form validation consistency?"
245,import-9871e93f4251108030a47bb6,pallets/flask,0.5,2,"[1.0, 0.0]",0.5,0.5,1,False,True,True,Why does the pass-through dictionary tag class's JSON conversion method apply recursive tagging only to dictionary values while avoiding tagging keys?
246,import-e3142892c90740145751e1c7,pallets/flask,0.5,2,"[0.0, 1.0]",0.5,0.5,1,False,True,True,Why does repeated invocation of the method that instantiates cryptographic serializers within the session persistence handler create a performance bottleneck under high-concurrency conditions?
247,import-ca382d379125c18ac1a07a83,pytest-dev/pytest,0.5,2,"[1.0, 0.0]",0.5,0.5,0,True,True,True,"What is the failure mechanism when the parametrize method's validation of indirect parameter names detects that an indirect parameter references a non-existent function argument, and how does this depend on the function signature?"
248,import-bc30185425e80f6b1d4cfda3,hgrecco/pint,0.5,2,"[0.5, 0.5]",0.5,0.5,0,False,True,True,Why does Pint's statistical operation system specifically raise OffsetUnitCalculusError for variance operations on offset units like degC rather than auto-converting to delta units?
249,import-6de8bb71306bba0126cedcf4,reflex-dev/reflex,0.5,2,"[1.0, 0.0]",0.5,0.5,0,False,True,True,What is the role of the string representation method in the base component class in supporting the architectural separation of rendering logic from component state and lifecycle management in this framework?
250,import-e6ef956ec154045a5be5d414,reflex-dev/reflex,0.5,2,"[0.5, 0.5]",0.5,0.5,0,False,True,True,Why does the rendering function that converts iterable components into JavaScript map expressions translate component iterables into the generated JavaScript map expression within Reflex's rendering pipeline?
251,import-25b89b4f74cf6e1716e28100,streamlink/streamlink,0.5,2,"[1.0, 0]",0.5,0.5,0,False,True,True,What specific data dependencies must the drag-and-drop data structure resolve to properly instantiate the intercepted drag operation event when the method that enables drag interception is enabled?
252,import-2f420d1217224f62447475e2,conan-io/conan,0.5,2,"[1.0, 0.0]",0.5,0.5,0,False,True,True,"Where in the data flow does the toolchain block responsible for configuring Visual Studio runtime library settings compute the value of the CMake variable for MSVC runtime library for a given build configuration, from Conan settings through the context computation method?"
253,import-4485991c91c0846307404438,fitbenchmarking/fitbenchmarking,0.5,2,"[1.0, 0.0]",0.5,0.5,1,False,True,True,Where is the automated badge versioning system implemented that ensures README badges point to release-specific URLs rather than master branch during PyPI releases?
254,import-fbdfb244b7d6e7078b752398,pallets/flask,0.5,2,"[1.0, 0.0]",0.5,0.5,0,True,True,True,Why does the test that checks handler behavior when a stream handler exists on the root logger verify that the application logger's handlers list is empty after adding a stream handler to the root logger?
255,import-859938b31ac8420808074bdb,pylint-dev/pylint,0.5,2,"[0.0, 1.0]",0.5,0.5,0,False,True,True,Why does the inheritance chain from the base role class through the statement role class impact method resolution order computation performance when processing large batches of database query statement instances?
256,import-789879cccc3b20671fe7cee9,reflex-dev/reflex,0.5,2,"[1.0, 0.0]",0.5,0.5,2,False,True,True,Where is the logic that registers dependencies for computed state properties defined?
257,import-45c370741c488f1730b36857,psf/requests,0.5,2,"[0.5, 0.5]",0.5,0.5,1,False,True,True,"What is the semantic significance of the `no_proxy` keyword argument in `get_environ_proxies` overriding environment variable precedence, and what does returning a non-empty dictionary when this override is applied indicate?"
258,import-cf2f71e7e7b258f739a7dd54,python-pillow/pillow,0.5,2,"[1.0, 0.0]",0.5,0.5,0,False,True,True,Why does PIL implement both full plugin implementations and stub plugin implementations for different image formats in its plugin architecture?
259,import-2a6944901f3f3f5146528ccb,matplotlib/matplotlib,0.5,2,"[0.0, 1.0]",0.5,0.5,0,False,True,True,"Where does the FontInfo NamedTuple propagate font metrics and glyph data through the mathematical text rendering pipeline, and what control flow determines whether the postscript_name or the FT2Font object is used at different stages of character rendering?"
260,import-b357fe75a8cb8c6c10f1d4a5,sphinx-doc/sphinx,0.5,2,"[0.75, 0.25]",0.5,0.5,0,False,True,True,What are the inheritance relationships and component dependencies within Sphinx's linkcheck builder architecture?
261,import-7eaf5787c9b91b425422350c,sqlfluff/sqlfluff,0.5,2,"[1.0, 0.0]",0.5,0.5,0,False,True,True,"Where is the testing utility function that invokes CLI commands and asserts return codes, which the dialect validation test function delegates to, located?"
262,import-7119bd32bbc02a3f2760f27a,streamlink/streamlink,0.5,2,"[1.0, 0.0]",0.5,0.5,1,False,True,True,Where in the test method that verifies timing offset handling during periodic refresh operations does the control flow adapt when those operations exceed the expected refresh interval threshold?
263,import-244ef0a7321a3adb8ec9ee4d,sympy/sympy,0.5,2,"[1.0, 0.0]",0.5,0.5,1,False,True,True,How does the CSE argument tracking class maintain consistency between its sequential value-number-to-value list mapping and sorted ordering semantics required by the value-ordered argument retrieval method?
264,import-3063534b24598db94cc883e4,sympy/sympy,0.5,2,"[0.5, 0.5]",0.5,0.5,1,False,True,True,Why does repeated instantiation of the continuous probability distribution class representing Gaussian distributions with mean and standard deviation parameters in the method that returns the probability distribution for a given time index in the continuous-time stochastic process class that models Brownian motion impact memory allocation patterns?
265,import-cf44ec3f13ea25c152faad43,sphinx-doc/sphinx,0.5,2,"[1.0, 0.0]",0.5,0.5,0,False,True,True,Why would removing the inherited greeting method from the enum mixin class affect the method resolution order for classes depending on its documented behavior in the automated documentation test suite?
266,import-e9745c18665251bebf23f6b4,sympy/sympy,0.5,2,"[0.0, 1.0]",0.5,0.5,1,False,True,True,How does the operator that increments upper indices in hypergeometric functions enable composition of index-shifting transformations when chained with other differential operator subclasses in the expansion framework?
267,import-1f304e15b38676509094206d,sqlfluff/sqlfluff,0.5,2,"[0.0, 1.0]",0.5,0.5,1,False,True,True,What method in the filtering logic that extracts aliases from SELECT FROM clauses differentiates between regular table reference aliases and column-returning function aliases?
268,import-bd53ab03b249b3dc193a655d,astropy/astropy,0.5,2,"[1.0, 0.0]",0.5,0.5,1,False,True,True,How does clearing the cache property in the output subformat setter propagate through the base time class hierarchy via the instance tracking dictionary to invalidate cached format and scale conversions?
269,import-35a8723fccd9ec1b3bd9ca75,streamlink/streamlink,0.5,2,"[0.0, 1.0]",0.5,0.5,1,False,True,True,Where is the implementation that handles the inheritance and merging of initialization parameters between parent and child plugin classes located in the plugin architecture?
270,import-d071a7cff0ec3332e1937b8b,reflex-dev/reflex,0.5,2,"[0.8, 0.2]",0.5,0.5,0,False,True,True,What is the effect of conditional selection between a multi-process ASGI server with strong process isolation and a single-process asynchronous ASGI server with event loop-based concurrency in the backend server startup function on process isolation and resource allocation within the server architecture?
271,import-ea68e78279d46049de59264d,reflex-dev/reflex,0.5,2,"[0.3333333333333333, 0.6666666666666666]",0.5,0.5,0,False,True,True,"In the framework architecture, what is the mechanism by which the bytecode-based dependency analyzer instantiated in the test that verifies dependency tracking when retrieving state instances isolates the dependency collection logic from the state retrieval performed by the state retrieval method?"
272,import-c9610cd2e4f177d4c67526ab,docker/docker-py,0.5,2,"[0.75, 0.25]",0.5,0.5,0,False,True,True,"Where is the high-level container management interface implemented that provides user-friendly methods like run(), list(), and get() for Docker containers?"
273,import-ac25b94e0cc9358260e3bd66,sympy/sympy,0.5,2,"[1.0, 0]",0.5,0.5,0,False,True,True,Where is the method that matches first-order differential equations against a template pattern to extract two coefficient expressions implemented?
274,import-2c352d705596bb466a06fa25,conan-io/conan,0.5,2,"[0.0, 1.0]",0.5,0.5,0,False,True,True,How can a revision tracking data structure that maintains a chronological list of version identifiers with timestamps be redesigned to provide thread-safe revision updates with atomic persistence across distributed server instances?
275,import-a76fd9f4eb74ea9d6f9d4eb2,hgrecco/pint,0.5,2,"[0.0, 1.0]",0.5,0.5,1,False,True,True,How does the Quantity class implement the Dask Array protocol to enable distributed computation while preserving physical units throughout the task graph execution?
276,import-78bca87934b9dbeb04ab5a17,numba/numba,0.5,2,"[0.25, 0.75]",0.5,0.5,0,False,True,True,Where does data flow through Numba's parallel execution pipeline from initial NumPy operations to final parallel LLVM code generation?
277,import-2acb011b61bfe150d6119ec8,streamlink/streamlink,0.5,2,"[1.0, 0.0]",0.5,0.5,0,False,True,True,What is the integration of the scheduled navigation event with the broader browser protocol event handling architecture for coordinating frame navigation lifecycle management?
278,import-3a81650143eee2434dd3a1c1,scikit-learn/scikit-learn,0.5,2,"[1.0, 0.0]",0.5,0.5,0,False,True,True,"Where does the control flow in test_affinities determine which affinity computation pathway is executed based on the kernel type, and what data transformations occur at each decision point before labels are generated?"
279,import-99763edafd9e0fa7471f6ea5,django/django,0.5,2,"[0.0, 1.0]",0.5,0.5,0,False,True,True,"Why does OperationCategory inherit from both str and enum.Enum rather than just enum.Enum, and how does this dual inheritance design choice impact the categorization and processing of database migration operations throughout the Django migration framework?"
280,import-19d6f513923e689e9f865c82,django/django,0.5,2,"[1.0, 0.0]",0.5,0.5,1,True,True,True,Where does the control flow path through `test_no_sts_subdomains_no_middleware` ensure that `base.check_sts_include_subdomains` receives `None` as input and what intermediate validation layers must be traversed before the assertion can evaluate the returned empty list?
281,import-00c7d5eb9ea4bac8201cd1da,scikit-learn/scikit-learn,0.5,2,"[0.0, 1.0]",0.5,0.5,1,False,True,True,"What is the dependency resolution mechanism in _parallel_predict_regression that handles the estimator.predict method across heterogeneous base estimators with different feature selection requirements, and what internal module dependencies enable this polymorphic behavior?"
282,import-d5482e3243c286a73a53dca7,reflex-dev/reflex,0.5,2,"[0, 1.0]",0.5,0.5,0,False,True,True,"Where in the codebase is the logic that decides if an environment variable wrapper is set, including the handling of empty and whitespace‑only values, implemented?"
283,import-ec635a41904c3ccb55b80735,bridgecrewio/checkov,0.5,2,"[0, 1.0]",0.5,0.5,0,True,True,True,Where is the guideline URL assignment logic implemented for security check results in the Checkov output system?
284,import-826043763a899130635fdcb4,reflex-dev/reflex,0.5,2,"[0.0, 1.0]",0.5,0.5,1,False,True,True,How does the placeholder element component integrate with Reflex's rendering engine to ensure correct placeholder projection in composed web components?
285,import-aeae9cb64c2e88cd16433625,django/django,0.5,2,"[0.5, 0.5]",0.5,0.5,1,False,True,True,How does the ValidationError.messages property maintain architectural consistency between two distinct error representation formats while avoiding redundant data traversal in the aggregation layer?
286,import-9af5bd08ca046158c470a2b2,sphinx-doc/sphinx,0.5,2,"[0, 1.0]",0.5,0.5,0,False,True,True,What is the contract established by the return value of the required method in the tutorial example directive class between the directive implementation and the document tree processing pipeline?
287,import-a127eacbac33c04cd42dc110,astropy/astropy,0.5,2,"[1.0, 0]",0.5,0.5,1,False,True,True,How does the cache-clearing mechanism in the test verifying cache coherence between time objects and their array slices ensure consistency across views sharing underlying data arrays without creating circular references that prevent garbage collection?
288,import-e9014272c95c4beb2d940166,sqlfluff/sqlfluff,0.5,2,"[0.0, 1.0]",0.5,0.5,1,False,True,True,Where are the cached property field names that need to be cleared defined in the BaseSegment._recalculate_caches method?
289,import-e319435e4a94fbd52db01a02,bridgecrewio/checkov,0.5,2,"[1.0, 0.0]",0.5,0.5,0,False,True,True,"Where is the database type filtering logic implemented for cloud SQL security checks that need to distinguish between MySQL, PostgreSQL, and SQL Server instances?"
290,import-13c8e26cc46757c05abf5532,sympy/sympy,0.5,2,"[1.0, 0]",0.5,0.5,0,False,True,True,Where does data flow through the helper that computes maximum derivative orders for each dependent variable when the recursive order-finding utility is called for each equation-function pair?
291,import-8363c002d98a6fbfa76ec336,sqlfluff/sqlfluff,0.5,2,"[1.0, 0.0]",0.5,0.5,0,False,True,True,"How does the linting error class manage edit recommendation objects through dictionary conversion, duplicate detection, and optional field promotion to ensure template-aware and original-file edits remain consistent during state preservation, duplicate removal, or API output generation?"
292,import-06919193f30b63440265fcad,pallets/flask,0.5,2,"[0.0, 1.0]",0.5,0.5,0,False,True,True,How does the type-safe dictionary structure used as a view function return type annotation decouple JSON response serialization from HTTP status representation to maintain type safety?
293,import-df2c8c1795e9c07fbd96c5f7,conan-io/conan,0.5,2,"[0, 1.0]",0.5,0.5,1,False,True,True,Where does the source version information flow into the range membership validation method when the range validation method creates a version range representation instance?
294,import-c0e28ea8cf026491d6afc10a,docker/docker-py,0.5,2,"[0.5, 0.5]",0.5,0.5,0,False,True,True,"Where is the Docker connection transport adapter selection logic implemented for different URL schemes like unix://, npipe://, and ssh://?"
295,import-1858f3ada8c0a29a6f8c0877,getsentry/responses,0.5,2,"[1.0, 0.0]",0.5,0.5,0,False,True,True,How does the responses library handle type stub distribution in its package configuration to ensure mypy compatibility for matcher functions?
296,import-d33c176e2df1bfb9bc625346,pylint-dev/pylint,0.5,2,"[0.0, 1.0]",0.5,0.5,0,False,True,True,How does the test class that extends parent slots using augmentation assignment interact with ancestor slot definitions in the class checker?
297,import-9727687cbe94d470df0524fb,hylang/hy,0.5,2,"[1.0, 0.0]",0.5,0.5,0,False,True,True,Where are the hidden module identifiers defined that control which internal frames get filtered from Hy exception tracebacks?
298,import-2f8154dba2e2d8a86dd5724d,conan-io/conan,0.5,2,"[1.0, 0]",0.5,0.5,0,False,True,True,Why does the authorization component's package deletion permission validation method contribute to preventing unauthorized package deletions in the server?
299,import-ff59c1a2df87e2cbe908fab6,sympy/sympy,0.5,2,"[1.0, 0.0]",0.5,0.5,0,False,True,True,Where in the KanesMethod class do implicit and explicit forms diverge when extracting kinematic differential equation coefficient matrices?
300,import-2a77af89399925f31f9548ad,pylint-dev/pylint,0.5,2,"[1.0, 0.0]",0.5,0.5,0,False,True,True,"Where is the undefined-variable error triggered for the type annotation parameter in the first-level method that incorrectly references its own class, through the chain of module imports and type-checking guards?"
301,import-d58d99ddc793e2afb8c014ef,pylint-dev/pylint,0.5,2,"[0.0, 1.0]",0.5,0.5,1,True,True,True,Why does the test framework use a metaclass that assigns a lambda with an incorrect signature to __or__ for a test class in the alternative union syntax validation tests?
302,import-72d85443ca2d9caa2dd90758,pylint-dev/pylint,0.5,2,"[1.0, 0]",0.5,0.5,0,False,True,True,Where is the example function that searches for even numbers using a loop with an else clause defined in the documentation directory for the checker message category that flags loops with else clauses lacking break statements?
303,import-07783c19f1efdb9b1314b31f,conan-io/conan,0.5,2,"[1.0, 0]",0.5,0.5,1,False,True,True,Why does the method that checks if a repository has uncommitted changes implement its own exclusion filtering instead of using git's built‑in pathspec options?
304,import-751386c0e3d4bd674d6ddd0e,matplotlib/matplotlib,0.5,2,"[0.625, 0.375]",0.5,0.5,0,False,True,True,What is the synchronization mechanism of the _expect method that integrates with the broader LatexManager architecture to maintain process state consistency across asynchronous LaTeX subprocess communication?
305,import-50dde77a6e1d529114e9133f,yt-dlp/yt-dlp,0.5,2,"[0.0, 1.0]",0.5,0.5,1,False,True,True,How does yt-dlp implement the extractor registry pattern to automatically discover and register site-specific extractors for different media platforms?
306,import-3309f037e45dac0838651c29,geopandas/geopandas,0.5,2,"[1.0, 0.0]",0.5,0.5,0,False,True,True,Where is the color assignment logic for categorical legends implemented in the interactive explore() functionality?
307,import-86af6df9e0aec46c0c8b4ab7,pylint-dev/pylint,0.5,2,"[0.0, 1.0]",0.5,0.5,0,False,True,True,What cascading effects would occur if modifications to the exception handling pattern for sibling exception handlers propagate through the unused variable checker's analysis pipeline?
308,import-9802de50f1c951e1213e045a,sphinx-doc/sphinx,0.5,2,"[0.5, 0.5]",0.5,0.5,0,True,True,True,Why would repeated calls to the reStructuredText parsing function that performs full document transformation cycles and multiple recursive tree validation assertions impact test execution performance when scaling across hundreds of similar domain parsing scenarios?
309,import-7d4e168f01dd3c8b1487c10b,streamlink/streamlink,0.5,2,"[0, 1.0]",0.5,0.5,1,False,True,True,What specific cryptographic padding scheme must be maintained for the padding removal function to correctly process the decrypted output from the block cipher in the data decryption method?
310,import-73b93f0a5cfce972e6e03cb4,django/django,0.5,2,"[0.0, 1.0]",0.5,0.5,2,False,True,True,"What is the architectural pattern of the Person model's self-referential foreign key that enables recursive relationship traversal while maintaining data integrity constraints, and what architectural implications arise from using SET_NULL cascading behavior for both parental relationships?"
311,import-623fc72e3d6724470c7b4956,pylint-dev/pylint,0.5,2,"[0, 1.0]",0.5,0.5,0,False,True,True,How does a deep copying hook method with an extra parameter violate the protocol that Python's copy module expects?
312,import-36475bcb5e2621f2e7608d02,psf/requests,0.5,2,"[1.0, 0]",0.5,0.5,1,False,True,True,"What is the semantic distinction between InvalidSchema's dual inheritance from RequestException and ValueError in handling URL scheme validation failures, and how do these two parent exception types differ in the context of schema validation?"
313,import-c6ec8dbe4a5bc192ccc8c9de,reflex-dev/reflex,0.5,2,"[0.0, 1.0]",0.5,0.5,1,False,True,True,Where is the code that merges variable metadata when two style dictionary objects are combined?
314,import-b901a330fedf8ee104c2dfc0,sphinx-doc/sphinx,0.5,2,"[0.5, 0.5]",0.5,0.5,0,False,True,True,How does Sphinx's parallel build system handle exception propagation from worker processes back to the main process while preserving meaningful traceback information?
315,import-51908f53409ef8e2456cb935,astropy/astropy,0.5,2,"[1.0, 0]",0.5,0.5,0,False,True,True,Why does the test class that performs binary serialization roundtrips in the VOTable test suite incur performance overhead from repeatedly creating new in-memory binary stream objects during conversions between XML and binary representations of astronomical table data?
316,import-788dfcdf0987b8c1c5905128,hylang/hy,0.5,2,"[0.0, 1.0]",0.5,0.5,0,True,True,True,"Why does Hy exhibit significantly slower startup performance when installed from wheel distributions compared to source installations, despite including precompiled bytecode?"
317,import-a7ece8e0f62b048d799ecf9a,scikit-learn/scikit-learn,0.5,2,"[0.0, 1.0]",0.5,0.5,0,False,True,True,"Why does the SplineTransformer use a diagonal coefficient matrix during fit, and how does this design choice enable the generation of the spline basis functions?"
318,import-2bb68add52f3d0d976d2c402,astropy/astropy,0.5,2,"[0.0, 1.0]",0.5,0.5,1,False,True,True,Where in the codebase is the classmethod that converts FITS keyword strings to uppercase before they are used as keys in the header's keyword-to-index mapping dictionary located?
319,import-9970bf97035c8e666a8a5487,conan-io/conan,0.5,2,"[1.0, 0.0]",0.5,0.5,1,False,True,True,How does the path translation function internally normalize a Windows UNC path to convert it into a Unix-style path for the Unix-compatibility layer subsystem?
320,import-c26272d937aa5a311f14a871,django/django,0.5,2,"[1.0, 0]",0.5,0.5,1,False,True,True,"How does Django's admin framework validation system determine whether a method decorated with @admin.display can be safely included in readonly_fields without triggering check errors, and what internal mechanisms prevent false positives when the decorated method signature matches the expected callable interface?"
321,import-892c962a8c7a05aa0c90835c,sqlfluff/sqlfluff,0.5,2,"[1.0, 0.0]",0.5,0.5,0,False,True,True,What would be the propagation path through the whitespace reformatting utility's indentation checking workflow if the indent unit string generator were modified to accept an additional parameter for custom indent strings?
322,import-3c9a62a4f97b39abf81119fc,psf/requests,0.5,2,"[0.5, 0.5]",0.5,0.5,0,False,True,True,Why does the repeated key-lookup pattern in CaseInsensitiveDict impact performance when scaling to thousands of case-insensitive dictionary operations in a high-throughput HTTP request processing pipeline?
323,import-26ef1cffb0cb5dfc885e537b,pallets/flask,0.5,2,"[0, 1.0]",0.5,0.5,1,False,True,True,What is the interaction between the parametrization of import and app name arguments in the exception-raising test and the exception handling semantics that ensures the application location function fails consistently?
324,import-49809902aa400b161e7c1457,django/django,0.5,2,"[1.0, 0.0]",0.5,0.5,0,False,True,True,"Where in the codebase are the connection features that determine whether native duration field support exists, and how does DurationField resolve database-specific duration storage implementations across different backends?"
325,import-15860ccdbb3364165d80f200,django/django,0.5,2,"[0.5, 0.5]",0.5,0.5,0,False,True,True,Where in the codebase are the database routing rules evaluated that determine whether fixture data for a Book model should be loaded into the 'default' or 'other' database during the test_fixture_loading execution?
326,import-111271e1beeaffda07e7e679,scikit-learn/scikit-learn,0.5,2,"[1.0, 0.0]",0.5,0.5,0,False,True,True,Where in the scikit-learn repository are the manifold learning classes and dimensionality reduction algorithms imported and utilized within the plot_embedding function's execution context?
327,import-61119dd3437675675599db61,django/django,0.5,2,"[0.5, 0.5]",0.5,0.5,0,False,True,True,What implicit dependencies exist between the assertLoginRedirectURLEqual helper method and the self.login() method inherited from AuthViewsTestCase regarding session middleware and CSRF token handling?
328,import-0fefd75f2ce0dc24c243e662,sqlfluff/sqlfluff,0.5,2,"[1.0, 0.0]",0.5,0.5,0,False,True,True,What architectural mechanism in the main linting class decouples SQL dialect-specific grammar definitions from the rule-based validation process?
329,import-83c7982eff348d996687a28c,geopandas/geopandas,0.5,2,"[0.0, 1.0]",0.5,0.5,1,False,True,True,How does geopandas implement HTTP range request detection and fallback logic for remote geospatial data sources in its file I/O system?
330,import-363b8ff66dd7314890a8c06f,pallets/flask,0.5,2,"[0.0, 1.0]",0.5,0.5,0,True,True,True,Where in the serialization pipeline for the JSON tag class that handles Markup API objects are the lower-level helper functions that the conversion method delegates to?
331,import-43c7ff8e4743c2fe25176be1,sqlfluff/sqlfluff,0.5,2,"[1.0, 0.0]",0.5,0.5,1,False,True,True,Where does conditional branching on the optional parameter for additional type segments in the function that generates CONVERT conversion fixes affect the structural composition of the segment replacement list through nested wrapping?
332,import-d3550fc0f2e05680e713d9b0,reflex-dev/reflex,0.5,2,"[1.0, 0]",0.5,0.5,1,False,True,True,Why was the component that wraps controls for closing the popover implemented as a distinct instance of the base class for trigger components that handle actions in overlay components instead of reusing the existing component that wraps controls for opening the popover?
333,import-1fe68f4454e2cf101c9e166f,scikit-learn/scikit-learn,0.5,2,"[1.0, 0.0]",0.5,0.5,0,False,True,True,"How does the delegation of the actual curve computation to `from_predictions` after response value extraction enable code reuse between estimator-based and prediction-based visualization workflows, and what is the significance of this design pattern?"
334,import-d3d2a6ff6adcfcfe6f211d46,bridgecrewio/checkov,0.5,2,"[0.0, 1.0]",0.5,0.5,0,False,True,True,Why does Checkov's security check execution scale linearly with repository size rather than implementing parallel processing for large-scale infrastructure scanning?
335,import-9b52f40cc49ee6339179e81f,conan-io/conan,0.5,2,"[1.0, 0]",0.5,0.5,1,False,True,True,Where is the HTTP request handling loop started in the server when the server initialization and startup component is launched?
336,import-93eda4a7f7ffd5a5284b0cbf,python-pillow/pillow,0.5,2,"[0.0, 1.0]",0.5,0.5,0,False,True,True,How does PIL's plugin registration system coordinate between main ImagePlugin classes and StubImagePlugin classes to provide backwards compatibility while supporting direct format access?
337,import-3d8f17f922ccdfc91d1e13e6,matplotlib/matplotlib,0.5,2,"[0.5, 0.5]",0.5,0.5,0,False,True,True,"How does the blend_mode parameter in shade_rgb implement a plugin-like architecture that allows both predefined blending strategies and custom callable functions, including error handling for invalid modes?"
338,import-086304108660dbab46edcf9b,sqlfluff/sqlfluff,0.5,2,"[1.0, 0]",0.5,0.5,1,False,True,True, What is the semantic distinction in the BigQuery dialect's MERGE INSERT clause segment grammar between wildcard insertion and explicit column-value insertion?
339,import-4bf5aa8929b36861bbfce409,reflex-dev/reflex,0.5,2,"[0.0, 1.0]",0.5,0.5,0,False,True,True,Why does the use of a callable protocol for event argument specifications with a variadic callable signature returning a sequence of reactive variable objects impact runtime performance when invoked millions of times in a high-concurrency reactive web framework application?
340,import-43baccb4d50122b674817ed4,sympy/sympy,0.5,2,"[1.0, 0.0]",0.5,0.5,1,False,True,True,How does the two-argument function class that computes the logarithm of the sum of exponentiations ensure argument ordering consistency in its instance creation method?
341,import-994d9447e1017b59169f8976,pylint-dev/pylint,0.5,2,"[0, 1.0]",0.5,0.5,0,False,True,True,Why does the memory overhead of the pickle protocol reconstruction method validated by the classes checker during repeated instantiation impact garbage collection cycles and heap fragmentation when thousands of instances are created and destroyed?
342,import-a0f1095757c3d175a7faa82e,scikit-learn/scikit-learn,0.5,2,"[0, 1.0]",0.5,0.5,0,False,True,True,"Why does the cache lookup strategy in _cached_call affect the performance characteristics of repeated metric computations across multiple cross-validation folds, and what are the trade-offs between cache hit rates and memory overhead for large-scale datasets?"
343,import-fee4ece64bcde6a3a67c6001,matplotlib/matplotlib,0.5,2,"[1.0, 0]",0.5,0.5,1,False,True,True,Where in the codebase are the lower-level helper functions that test_pdflatex delegates to for configuring the PGF backend and rendering the test figure?
344,import-bbc35ab4545cc68ce86781fd,django/django,0.5,2,"[0.0, 1.0]",0.5,0.5,0,False,True,True,Why does the ServerSideCursorsPostgres test class ensure that database cursor lifecycle management is properly validated across different ORM query patterns while accounting for psycopg version-specific binding behaviors?
345,import-f83191bb378dbedf06e68027,pennylaneai/pennylane,0.5,2,"[0.5, 0.5]",0.5,0.5,0,False,True,True,What mechanism does PennyLane use to ensure that Fourier-series reconstructions of quantum expectation values remain numerically stable when rendered through its visualization utilities?
346,import-123ecdad968e7ea36e4a5f6a,stfc/psyclone,0.5,2,"[1.0, 0.0]",0.5,0.5,1,False,True,True,How does PSyclone's data movement analysis algorithm determine which variables require host-device synchronization in OpenACC directive transformations?
347,import-8bd8d955ab21428398dda7c2,geopandas/geopandas,0.5,2,"[0.5, 0.5]",0.5,0.5,0,False,True,True,Where are the folium map initialization parameter constants defined that control the interactive plotting behavior in geopandas' explore functionality?
348,import-33cd52ca6417c1dcc7cacd7c,matplotlib/matplotlib,0.5,2,"[0.0, 1.0]",0.5,0.5,0,False,True,True,Why does the repeated instantiation of figure and axes objects with different DPI values in test_legend_proper_window_extent impact renderer caching and what performance degradation occurs when get_window_extent is called sequentially on legends without renderer state reuse?
349,import-721ac1a2f9bb10c32d99fb87,sphinx-doc/sphinx,0.5,2,"[1.0, 0]",0.5,0.5,0,False,True,True,Why does the Python domain's object resolution method reconcile the tension between fully-qualified and unqualified references while maintaining predictable resolution order?
350,import-2b51ade18300f08f75f60aea,psf/requests,0.5,2,"[1.0, 0]",0.5,0.5,1,False,True,True,What is the data integrity mechanism in the PreparedRequest class that maintains header normalization when CaseInsensitiveDict and to_native_string transformations are applied to heterogeneous input headers?
351,import-3444d274f9cae3a319785822,fitbenchmarking/fitbenchmarking,0.5,2,"[0.5, 0.5]",0.5,0.5,0,False,True,True,Why does the runtime metric aggregation system in fitbenchmarking use simple averaging instead of more robust statistical measures for processing multiple timing measurements?
352,import-e0480d0a51490867c584706a,scikit-learn/scikit-learn,0.5,2,"[1.0, 0.0]",0.5,0.5,0,False,True,True,What is the semantic contract of the Transf class's transform and inverse_transform methods when it inherits from NoInvTransf and is used within sklearn's pipeline composition system?
353,import-1961cd519d406ffccb4892ef,matplotlib/matplotlib,0.5,2,"[1.0, 0.0]",0.5,0.5,1,False,True,True,What is the shared axes mechanism in matplotlib that ensures sticky edge settings propagate correctly between leader and follower axes when pcolormesh is called on different axes in the sharing relationship?
354,import-591d83ece1e38a84e346bc6b,mkdocs/mkdocs,0.5,2,"[0.0, 1.0]",0.5,0.5,1,False,True,True,What is the architectural approach mkdocs uses for managing Python-Markdown library version compatibility across different Python environments?
355,import-0bba7197e5bb25f773d1da82,psf/requests,0.5,2,"[0.5, 0.5]",0.5,0.5,0,True,True,True,"How does the links method handle the case where the 'link' header contains multiple entries with identical 'rel' values, and what is the algorithmic consequence of using 'rel' as the dictionary key?"
356,import-92d425e576a2fba2280026c1,reflex-dev/reflex,0.5,2,"[0.5, 0.5]",0.5,0.5,0,False,True,True,How does the function that checks whether rendered JavaScript code attempts to access state context objects influence the inclusion of the state context objects in the generated client-side JavaScript bundle?
357,import-399414cd60f51dc7925a725a,reflex-dev/reflex,0.41666666666666663,2,"[0.3333333333333333, 0.5]",0.41666666666666663,0.4166666666666665,0,False,True,True,How does the descriptor accessor method of a computed field descriptor return a sequence variable representation that reflects the computed list while preserving dependency tracking and preventing redundant recomputation?
358,import-b3d1dd7177e62157bd6db590,sphinx-doc/sphinx,0.41666666666666663,2,"[0.5, 0.3333333333333333]",0.41666666666666663,0.4166666666666665,0,False,True,True,"Why does the wrapper class for preserving default argument values in the autodoc extension module implement only initialization and representation methods, while the wrapper class for default parameter values in overload function signatures implements equality and hashing methods?"
359,import-0b90d8f0c3b707bbfb0211de,sqlfluff/sqlfluff,0.41666666666666663,2,"[0.16666666666666666, 0.6666666666666666]",0.41666666666666663,0.4166666666666665,0,False,True,True,What is the structure and coordination mechanism of SQLFluff's CLI output formatting system that manages progress bars and lint error display?
360,import-1469913538e10f11cffe5452,hgrecco/pint,0.375,2,"[0.375, 0.375]",0.375,0.375,0,False,True,True,"How does pint's registry architecture implement the multiple inheritance pattern to coordinate unit definitions, system management, context-dependent conversions, and offset unit handling?"
361,import-97b3c55fbe0d770d9d0d6e34,pytest-dev/pytest,0.375,2,"[0.375, 0.375]",0.375,0.375,0,False,True,True,How would you refactor a minimal test function like test_1 to implement a parameterized testing strategy that maintains backward compatibility while enabling data-driven test execution across multiple input scenarios?
362,import-87c5ca19ae578a5cf219738a,django/django,0.375,2,"[0, 0.75]",0.375,0.375,0,False,True,True,"How should Django's ORM architecture be designed to ensure that when select_related and defer are combined on a related parent object, the deferred fields are properly excluded from the join query while maintaining lazy-loading semantics for non-deferred parent attributes?"
363,import-0fce241788d5057d546c7640,psf/requests,0.375,2,"[0.0, 0.75]",0.375,0.375,0,False,True,True,"Why would the repeated urlparse calls in MockRequest's __init__, get_host, and get_full_url methods impact performance when processing high-volume cookie jar operations, and what optimization strategy would minimize redundant URL parsing while preserving the read-only semantics of the wrapped request?"
364,import-84c901ed4005931ea617ed3c,pallets/flask,0.375,2,"[0.25, 0.5]",0.375,0.375,0,False,True,True,Why does the linear traversal of the exception class hierarchy in _find_error_handler create performance overhead when handling errors in applications with deep exception inheritance chains and multiple registered error handlers?
365,import-6dc2da81340708145f2188d0,pallets/flask,0.375,2,"[0.75, 0.0]",0.375,0.375,0,False,True,True,Why does unconditionally setting the session access tracking attribute in dictionary access methods impact signed cookie string conversion performance during frequent read operations?
366,import-013007e2033b14b73a3e6f27,sqlfluff/sqlfluff,0.35714285714285715,2,"[0, 0.7142857142857143]",0.35714285714285715,0.3571428571428572,0,False,True,True,Why does the segment class that represents operator class references integrate with the dialect's type system to enable proper parsing and validation in index creation and constraint definitions?
367,import-2505179a3385b7e8b3b70c7e,pylint-dev/pylint,0.35,2,"[0.3, 0.4]",0.35,0.3500000000000001,0,False,True,True,What is the semantic relationship between input arguments and return values when the functools cache decorator is applied?
368,import-bd99c9e90b968d8b907f3a7a,reflex-dev/reflex,0.3333333333333333,2,"[0.3333333333333333, 0.3333333333333333]",0.3333333333333333,0.33333333333333326,0,False,True,True,Why does the rendering method of the paste event handling component replace the property containing element identifiers for event listener attachment with a key derived from that property?
369,import-73f308b613654741593e4884,pennylaneai/pennylane,0.3333333333333333,2,"[0.3333333333333333, 0.3333333333333333]",0.3333333333333333,0.33333333333333326,0,False,True,True,Where is the ValueError raised when attempting to serialize unsupported operations like MidMeasureMP to OpenQASM format?
370,import-981df91fa181d8c0ff6d88d4,sqlfluff/sqlfluff,0.3333333333333333,2,"[0.3333333333333333, 0.3333333333333333]",0.3333333333333333,0.33333333333333326,0,True,True,True,Where is the Jinja template variable context resolution and type handling implemented in SQLFluff's templating engine?
371,import-6f8cdd07160337b5eb598b40,psf/requests,0.3333333333333333,2,"[0.3333333333333333, 0.3333333333333333]",0.3333333333333333,0.33333333333333326,1,False,True,True,What is the architectural distinction in the TestGuessJSONUTF class between BOM-based encoding detection and raw byte-pattern detection that ensures correct UTF variant identification across the utility layer?
372,import-7a8e5fce8ed60429423f422d,django/django,0.3125,2,"[0.5, 0.125]",0.3125,0.3125,0,False,True,True,"Why does the run_validators() method's exception handling pattern with hasattr() checks and error list concatenation impact performance under high validation load, and what refactoring would improve throughput?"
373,import-f9498a519cab971d9e2d1922,sphinx-doc/sphinx,0.3125,2,"[0, 0.625]",0.3125,0.3125,0,False,True,True,How does Sphinx manage its version metadata and release artifact generation across multiple distribution channels?
374,import-1c5442786feebda389e3b4e5,pylint-dev/pylint,0.3125,2,"[0.25, 0.375]",0.3125,0.3125,0,False,True,True,What is the exception handling pattern that catches an exception and raises a new one with 'from None' to decouple error detection from propagation?
375,import-1a0a848fe0d53a38b00368c7,pylint-dev/pylint,0.30000000000000004,2,"[0.2, 0.4]",0.30000000000000004,0.30000000000000004,0,False,True,True,Where does the descriptor protocol implementation that provides __get__ and __set__ methods interact with the slot assignment validation mechanisms across the inheritance hierarchy in the slot assignment test file?
376,import-8cf10c0c4a274c5334fe19a0,stfc/psyclone,0.25,2,"[0, 0.5]",0.25,0.25,0,False,True,True,"Why does PSyclone's transformation engine separate dependency analysis validation from transformation application, considering the scalability impacts on large HPC codebases with complex loop nests?"
377,import-1fafbf819f860cc855ae0bc9,conan-io/conan,0.25,2,"[0, 0.5]",0.25,0.25,1,False,True,True,How does setting the transitive linkage propagation parameter to False on a requirement in a test class for linear dependency graph scenarios affect the linkage flag propagation to transitive dependencies in the generated dependency graph?
378,import-42cec52322387ba7c0875586,psf/requests,0.25,2,"[0.5, 0]",0.25,0.25,0,False,True,True,What assumptions about encoding representation does the test_pragmas method enforce when validating that get_encodings_from_content correctly extracts and normalizes character encoding declarations from HTTP content headers?
379,import-9d6847f23a7ae3108a173ffa,reflex-dev/reflex,0.25,2,"[0, 0.5]",0.25,0.25,0,False,True,True,What modules or components in the compiler rely on the string output of the function that generates the document root component source code?
380,import-174a1eb30f948a89680d398a,reflex-dev/reflex,0.25,2,"[0.5, 0]",0.25,0.25,0,False,True,True,Where in the codebase is the function that prepares and packages the application for deployment invoked during the deployment process?
381,import-584a3d79de6cd1988916e143,stfc/psyclone,0.25,2,"[0.0, 0.5]",0.25,0.25,0,False,True,True,What are the core components and their responsibilities in PSyclone's GitHub Actions CI/CD workflow architecture?
382,import-723a7189ef96c65dbddbfa8f,conan-io/conan,0.25,2,"[0.0, 0.5]",0.25,0.25,0,False,True,True,Where does the test suite for platform-provided dependency resolution resolve platform-provided dependencies when a recipe specifies a version range and the profile provides a specific revision?
383,import-62b175fe5d2d4171168c4362,pylint-dev/pylint,0.25,2,"[0.0, 0.5]",0.25,0.25,0,False,True,True,How does the descriptor protocol implementation in the test descriptor class's get method interact with Python's attribute resolution mechanism when accessed through different ownership contexts?
384,import-52c3e212dce9fc4c4e9782f8,sqlfluff/sqlfluff,0.25,2,"[0.0, 0.5]",0.25,0.25,0,False,True,True,Why does SQLFluff's file processing pipeline become significantly slower when handling large repositories with hundreds of SQL files?
385,import-e10ace2cbd40679911ed7eb5,python-pillow/pillow,0.25,2,"[0.5, 0]",0.25,0.25,0,False,True,True,Why does Pillow's numpy array interface architecture use a dual conversion system with separate `__array__()` and `fromarray()` pathways instead of implementing a unified bidirectional array protocol?
386,import-9570ddc21f7323cb67aa7d5c,docker/docker-py,0.25,2,"[0.5, 0.0]",0.25,0.25,0,False,True,True,Why does the AuthConfig class serve as the central coordinator for multiple authentication sources in docker-py's registry authentication system?
387,import-b553f973255922da9fb70a31,sphinx-doc/sphinx,0.25,2,"[0, 0.5]",0.25,0.25,0,False,True,True,What mechanisms does Sphinx provide for extension developers to manage changelog generation and version compatibility declarations in their own documentation?
388,import-2531c212f45dced30ce4c5b4,conan-io/conan,0.25,2,"[0.5, 0.0]",0.25,0.25,0,False,True,True,Where does the build system toolchain configuration generator determine the mobile platform native development toolkit compiler paths for cross-compilation?
389,import-83c45ff1b695efe2c6622d0f,sphinx-doc/sphinx,0.2,2,"[0, 0.4]",0.2,0.19999999999999996,0,False,True,True,Where are the platform-specific restrictions for parallel build processing implemented in Sphinx's build system?
390,import-b2d83fd2d402f086620f371d,pennylaneai/pennylane,0.1875,2,"[0.375, 0]",0.1875,0.1875,0,False,True,False,Where is the coordination between Fourier coefficient computation and visualization rendering implemented when displaying spectrum analysis plots?
391,import-7c4badf82e8577dbcd4566d4,sphinx-doc/sphinx,0.16666666666666666,2,"[0.0, 0.3333333333333333]",0.16666666666666666,0.16666666666666674,0,False,True,False,Why do separate recursive directory traversals for source and compiled translation files in the catalog compilation verification test impact performance with thousands of locale catalog files?
392,import-41e8dd02dc3d1e169ad44aee,pytest-dev/pytest,0.16666666666666666,2,"[0.16666666666666666, 0.16666666666666666]",0.16666666666666666,0.16666666666666674,0,False,True,False,What external dependencies and context must be available for TestEvaluation test methods to correctly evaluate skipif conditions that reference module attributes like os.sep?
393,import-871c8cadb652aef41ef2c0c8,pennylaneai/pennylane,0.125,2,"[0.25, 0.0]",0.125,0.125,0,False,True,False,Where does the gradient method selection logic dispatch control flow to different differentiation implementations when computing gradients for quantum circuits with mixed parameter types?
394,import-7ad8ddd5d0a532fc3a120a6c,pallets/flask,0.125,2,"[0, 0.25]",0.125,0.125,0,False,True,False,Where does the route handler function that returns a list of dictionaries integrate with the framework's route decorator and static type checker configuration to validate return type annotations in the type checking test files?
395,import-9b15cd0e2e062e402dd64314,pytest-dev/pytest,0.125,2,"[0, 0.25]",0.125,0.125,0,False,True,False,What is the architectural separation in the pytest fixture resolution system that decouples fixture discovery and validation to enable the error reporting mechanism that distinguishes between missing fixtures and internal failures?
396,import-13e632d561c0b1740b2074fa,scikit-learn/scikit-learn,0.10714285714285714,2,"[0.07142857142857142, 0.14285714285714285]",0.10714285714285714,0.1071428571428572,0,False,True,False,Why does the Pipeline class explicitly reject the sample_weight parameter during fit when the underlying estimator does not declare support for it through metadata routing?
397,import-b30339df2708dcc96d90409d,astropy/astropy,0.1,2,"[0.2, 0.0]",0.1,0.10000000000000009,0,False,True,False,What is the semantic relationship between the expiration threshold computed in the test initialization method and the early-exit optimization tested across multiple test methods?
398,import-3e66f75281102767ac8f1152,numba/numba,0.08333333333333333,2,"[0.16666666666666666, 0.0]",0.08333333333333333,0.08333333333333326,0,False,True,False,What is the structure of the compilation pass pipeline in Numba's compiler architecture?
399,import-533cf8ea035081a729f35f20,pylint-dev/pylint,0.0625,2,"[0.125, 0.0]",0.0625,0.0625,0,False,True,False,What is the architectural pattern that distinguishes type-annotated from non-annotated instance attribute initialization using AST node type separation?
400,import-8256ac589aed18728dda2aef,django/django,0.0625,2,"[0, 0.125]",0.0625,0.0625,0,False,True,False,Where does the unique constraint on the 'name' CharField in the Target model propagate through the ORM's data validation pipeline and affect the control flow when foreign key relationships from other models attempt to reference Target instances?
401,import-0fbd91ed5764b08d8d0458c1,numba/numba,0.05,2,"[0, 0.1]",0.05,0.050000000000000044,0,False,True,False,What are the main categories of instruction types defined in Numba's intermediate representation (IR) system and their specific operational roles?
402,import-0e5fbd5e6c0ac53b965271f5,django/django,0.041666666666666664,2,"[0.08333333333333333, 0]",0.041666666666666664,0.04166666666666674,0,False,True,False,How does the Django ORM's filter mechanism handle the interaction between the `__in` lookup operator and an empty iterator argument to ensure query correctness while avoiding potential edge cases in SQL generation?
403,import-dbc96c4659da71e65d10baa1,omni-us/jsonargparse,0.0,2,"[0.0, 0.0]",0.0,0.0,0,False,True,False,Where is the float pattern regex defined that causes strings containing digits and 'e' characters to be incorrectly parsed as floats instead of strings?
404,import-0bdb889ba31573bf3694ddf2,pylint-dev/pylint,0.0,2,"[0, 0.0]",0.0,0.0,0,False,True,False,Why does the assignment name processing method defer frame node visitation until the local variable type attribute is accessed rather than visiting frames upfront?
405,import-241e31f0666e9c2890e9eb8f,fitbenchmarking/fitbenchmarking,0.0,2,"[0.0, 0.0]",0.0,0.0,0,False,True,False,Why does the runtime limit enforcement mechanism become inefficient when scaling to benchmarks with many fitting problems and minimizers?
406,import-d1dc1726ea56efce92d14096,pylint-dev/pylint,0.0,2,"[0, 0.0]",0.0,0.0,0,False,True,False,What determines whether the function call assignment validator or the dunder name string validator executes first in the type checker's assignment processing method?
407,import-d0937269105948d01e8d37c7,omni-us/jsonargparse,0.0,2,"[0, 0]",0.0,0.0,0,False,True,False,Why does jsonargparse implement a custom YAML loader with modified implicit resolvers for floating-point number detection instead of using the standard PyYAML DefaultLoader?
408,import-ae7e313ea85b55938194f7fa,omni-us/jsonargparse,0.0,2,"[0, 0.0]",0.0,0.0,0,False,True,False,Why does the parameter resolution pipeline in nested subcommand hierarchies experience performance degradation when default_env=True is combined with complex type annotations?
409,import-4983d8f203739c93b405e41a,streamlink/streamlink,0.0,2,"[0.0, 0.0]",0.0,0.0,0,False,True,False,Where in the control flow of the incoming message reading loop method does the transition from session-agnostic to session-specific event handling occur within the browser protocol message processing flow?
410,import-022bd5aaec20279be914e1ab,sympy/sympy,0.0,2,"[0.0, 0.0]",0.0,0.0,0,False,True,False,Where do modules and classes directly instantiate the expression wrapper class that prevents automatic evaluation?
411,import-08a3d3a9ac5c0d79f7e14bc2,sphinx-doc/sphinx,0.0,2,"[0.0, 0]",0.0,0.0,0,False,True,False,What implicit contract does the empty test class with no methods or attributes establish for the automatic documentation generation system that processes Python objects and creates summary tables?
412,import-e9182d8b629186f0d8001df6,streamlink/streamlink,0.0,2,"[0.0, 0]",0.0,0.0,0,False,True,False,Where in the streaming platform's API client class are error responses from the API handled and transformed into consistent return formats?
413,import-ad62e8857aa4109c3291b81e,yt-dlp/yt-dlp,0.0,2,"[0, 0]",0.0,0.0,0,False,True,False,"How does yt-dlp implement its multi-criteria format selection algorithm to automatically rank and prioritize media formats based on quality, codec preference, and user requirements?"
414,import-ddf6716f26bfbf38e5f34ed4,astropy/astropy,0.0,2,"[0.0, 0.0]",0.0,0.0,0,False,True,False,What modules imported in the helper module that provides Quantity-specific implementations for numpy function overrides would be affected if the numpy functions that examine array dimensions and structure were removed from the dictionary mapping numpy functions to their custom implementations?
415,import-94925ac57df1a1c29f153eaf,streamlink/streamlink,0.0,2,"[0.0, 0.0]",0.0,0.0,0,False,True,False,How should the component testing framework be designed to automatically validate input pattern matching across multiple sources while maintaining test isolation and extensibility?
416,import-39feeb31b2d0a61411fad808,docker/docker-py,0.0,2,"[0.0, 0.0]",0.0,0.0,0,False,True,False,Why does the SSH transport adapter use a significantly smaller default connection pool size (9) compared to other transport adapters (25) in docker-py's client architecture?
417,import-a12fbbdbe53dec0e9b3dbecd,conan-io/conan,0.0,2,"[0.0, 0.0]",0.0,0.0,0,False,True,False,How should the component that determines whether artifacts need to be uploaded by checking remote server existence be architected to handle parallel upload checks while preserving atomicity of the upload decision and the forced upload decision?
418,import-e85fccc0f30798376009433e,sphinx-doc/sphinx,0.0,2,"[0, 0]",0.0,0.0,0,False,True,False,What is the dependency of the hash implementation in the C++ postfix member-of-pointer operator AST node class on the nested name attribute's hashability?
419,import-032ed4ac089801d8763d60f5,hylang/hy,0.0,2,"[0.0, 0]",0.0,0.0,0,False,True,False,How does the pattern macro system implement syntax validation and compilation integration through the decorator pattern in Hy's macro infrastructure?
420,import-c05ebc7f9443ab6925cff508,reflex-dev/reflex,0.0,2,"[0.0, 0.0]",0.0,0.0,0,False,True,False,Why does the design constraint prioritize framework infrastructure hooks before other hook categories in the code generation process for the hook ordering function?
421,import-37e1aec09ecb1457fcae3375,pytest-dev/pytest,0.0,2,"[0.0, 0.0]",0.0,0.0,0,False,True,False,"Where is the LocalPath class definition located that implements the comparison operators being tested in test_gt_with_strings, and how does its implementation enable mixed-type comparisons between path objects and strings?"
422,import-4472dde973e9af984b747b45,sqlfluff/sqlfluff,0.0,2,"[0, 0]",0.0,0.0,0,False,True,False,Where is the logic that determines which segments halt greedy matching implemented within the grammar class that matches any content?
423,import-05c4419df577dcd774daea5a,pytest-dev/pytest,0.0,2,"[0, 0.0]",0.0,0.0,0,False,True,False,"Why would repeated invocations of pytester.getitem() followed by evaluate_xfail_marks() impact test suite performance, and what internal caching mechanisms could mitigate redundant AST parsing and mark evaluation across multiple test evaluations?"
424,import-ffa1b9517cdfa7fbb355bdb7,conan-io/conan,0.0,2,"[0, 0]",0.0,0.0,0,False,True,False,What is the compatibility result produced by the generated CMake configuration version script when using the major-version-matching compatibility policy to compare package version '2.5' against the version specified in the find_package operation '2.3'?
425,import-616acfb0a51760eb40b98a01,pylint-dev/pylint,0.0,2,"[0.0, 0.0]",0.0,0.0,0,False,True,False,How should the custom string class architecture be redesigned to separate parameter validation from formatting operations while maintaining backward compatibility with the built-in str interface?
426,import-ef28faecac5ec2a021a296dd,geopandas/geopandas,0.0,2,"[0, 0.0]",0.0,0.0,0,True,True,False,Where are the default colormap selection rules implemented for categorical data visualization in GeoPandas' dual plotting systems?
427,import-919b8d05641cef0ae17e04c2,conan-io/conan,0.0,2,"[0, 0.0]",0.0,0.0,0,False,True,False,Where in the test class that verifies default compatibility fallback behavior is the logic that triggers the compatibility fallback mechanism for C++ standard version settings?
428,import-4b548abb7dbcea0f01dbea7b,sphinx-doc/sphinx,0.0,2,"[0.0, 0.0]",0.0,0.0,0,False,True,False,How does the EPUB test function validate that manifest item identifiers match spine itemref references?
429,import-b04ae6e1b695f33eeae9e5d2,sanic-org/sanic,0.0,2,"[0.0, 0.0]",0.0,0.0,0,False,True,False,Why does Sanic's WorkerManager experience race conditions during worker restart operations that can result in processes becoming stuck in non-idle states and failing to respawn?
430,import-4a2942b4e7b57e261e3ba8f1,matplotlib/matplotlib,0.0,2,"[0.0, 0.0]",0.0,0.0,0,False,True,False,"Where does the cycler property cycle mechanism propagate through the data flow when ax.plot() is called multiple times, and what control flow ensures that the linestyle values are correctly sequenced across successive plot invocations?"
431,import-c1f8678c11d2498fbf922c11,numba/numba,0.0,2,"[0.0, 0.0]",0.0,0.0,0,False,True,False,Why does Numba's compilation pipeline separate typed and untyped compiler passes into distinct phases rather than interleaving type inference with other optimizations?
432,import-0393a4ef848d1cf8eaf51897,pylint-dev/pylint,0.0,2,"[0.0, 0]",0.0,0.0,0,False,True,False,How does a custom metaclass implementing a property affect class attribute resolution compared to standard Python class creation?
433,import-d4dbcf1fa92b9feadbf73603,omni-us/jsonargparse,0.0,2,"[0, 0]",0.0,0.0,0,False,True,False,How does jsonargparse's validation framework handle discriminated unions of dataclass-like classes during argument parsing and type adaptation?
434,import-d5934922ed879f794ac6f274,sphinx-doc/sphinx,0.0,2,"[0.0, 0]",0.0,0.0,0,False,True,False,Why does the member documentation method in the specialized class documenter use the alias detection property to conditionally skip delegating to the base documenter's implementation?
435,import-7f49aee22c25bd9c0f8b207f,yt-dlp/yt-dlp,0.0,2,"[0.0, 0]",0.0,0.0,0,False,True,False,What mechanisms does yt-dlp provide for runtime extractor argument customization to control site-specific download behavior?
436,import-0c613a2a48e168f78506c7c9,astropy/astropy,0.0,2,"[0.0, 0.0]",0.0,0.0,0,False,True,False,Where are the lower-level mathematical transformation functions that the sky-to-pixel zenithal equal area projection class delegates to for converting the zenithal angle theta into the radial distance R_theta during the sky-to-pixel projection?
437,import-8fe9c930cb14735ab568ea01,streamlink/streamlink,0.0,2,"[0.0, 0.0]",0.0,0.0,0,False,True,False,Where in the test class for file input/output operations is the logic implemented that determines the modification tracking indicator state after loading cached data?
438,import-d610f8d6b01ec25ced763be9,sphinx-doc/sphinx,0.0,2,"[0, 0]",0.0,0.0,0,False,True,False,What is the integration mechanism between the test function that validates glossary term reference consistency and the translation processing transform system?
439,import-7d55f5562735764e888f0f8b,astropy/astropy,0.0,2,"[0.0, 0.0]",0.0,0.0,0,False,True,False,"Where is the helper function that converts three angle unit inputs representing degree, arcminute, and arcsecond components to radian output units for the scipy special function that accepts three angle arguments?"
440,import-3585fdbf9eb6949cd2d1a51f,django/django,0.0,2,"[0.0, 0.0]",0.0,0.0,0,False,True,False,Why does the User model's unique constraint on the username field interact with Django's ORM transaction handling and what cascading effects would occur if this constraint were removed on an existing database with formset-based bulk operations?
441,import-1e5a8bfd0a72ab91b09a986f,pytest-dev/pytest,0.0,2,"[0.0, 0.0]",0.0,0.0,0,False,True,False,Why does the repeated instantiation of FNMatcher objects in the Visitor.__init__ method impact memory consumption and traversal performance when processing large directory trees with complex filtering patterns?
442,import-69c5853cdbd5a1e19d27170b,sqlfluff/sqlfluff,0.0,2,"[0, 0]",0.0,0.0,0,False,True,False,How does the hook-based discovery mechanism in the function that aggregates rule configuration information from plugins enable separation between rule package configuration registration and the core framework?
443,import-85319bf30f135515b36162fa,pylint-dev/pylint,0.0,2,"[0, 0.0]",0.0,0.0,0,False,True,False,What are the semantic implications of a concrete class implementing a typing protocol having an empty __init__ method body containing only ellipsis for protocol conformance while still requiring calls in the inheritance chain?
444,import-b8b2ff405066d0b29d909b7d,pylint-dev/pylint,0.0,2,"[0.0, 0.0]",0.0,0.0,1,False,True,False,Why does the property method that provides controlled access to a private attribute serve as a controlled accessor in the encapsulation pattern demonstrated by the test class?
445,import-f76933eff2c71985930e4754,pylint-dev/pylint,0.0,2,"[0.0, 0.0]",0.0,0.0,0,False,True,False,Where in the no-member validation function is the mechanism that enables modules with dynamic attribute handlers to bypass member checks?
446,import-819acbbe82bad7f50db44ec1,pytest-dev/pytest,0.0,2,"[0.0, 0.0]",0.0,0.0,0,False,True,False,"How should the `isnosetest` method be refactored to separate the concern of attribute validation from test detection logic, and what design pattern would enable this separation while maintaining backward compatibility with nose-style test markers across the PyCollector hierarchy?"
447,import-e365c91c4187b2b238f16eb7,django/django,0.0,2,"[0, 0.0]",0.0,0.0,0,False,True,False,What are the tablespace configuration dependencies of the Article class that interact with Django's database routing and the underlying database system's tablespace management capabilities?
448,import-594d5d344449d8e5af47093d,streamlink/streamlink,0.0,2,"[0.0, 0.0]",0.0,0.0,0,False,True,False,Why might specific performance bottlenecks arise from the stream multiplexer instantiation pattern when handling multiple concurrent adaptive streaming protocol streams with mixed video and audio representations?
449,import-dd1545c728658d014af9ceeb,reflex-dev/reflex,0.0,2,"[0, 0.0]",0.0,0.0,0,False,True,False,How can the collapsible content panel component be redesigned to support runtime theming changes without breaking its memoization strategy or exposing internal style props?
450,import-25976163f78e3175f9ece212,docker/docker-py,0.0,2,"[0.0, 0.0]",0.0,0.0,0,True,True,False,Why does docker-py implement a multi-protocol transport adapter architecture instead of using direct HTTP requests to the Docker daemon?
451,import-df92777335fb51c4c7173747,conan-io/conan,0.0,2,"[0, 0]",0.0,0.0,0,False,True,False,Why was a custom HTTP requester that selectively returns failure responses for file downloads used in the test suite that verifies download retry behavior?
452,import-ebf43e16c9d7e714408632f7,pallets/flask,0.0,2,"[0.0, 0.0]",0.0,0.0,1,False,True,False,Why would performance degradation occur if the custom template filter registration mechanism used in blueprint test cases were repeated across multiple distinct blueprint objects during application startup?
453,import-4e45d203c5dee43270902e1f,pallets/flask,0.0,2,"[0.0, 0]",0.0,0.0,0,False,True,False,Why does the method that opens application package resources relative to the root path restrict file opening to read-only modes?
454,import-8c644074cd4e2351d243b4a1,stfc/psyclone,0.0,2,"[0, 0.0]",0.0,0.0,0,False,True,False,Why does PSyclone's dependency analysis system create performance bottlenecks when analyzing deeply nested loop structures for parallelization transformations in large scientific kernels?
455,import-70f574ef3d0364c9966d1535,bridgecrewio/checkov,0.0,2,"[0.0, 0]",0.0,0.0,0,False,True,False,Why does Checkov's database check validation system use direct dictionary traversal with hardcoded key paths instead of a schema-based validation approach for parsing complex nested Terraform configurations?
456,import-d1736c78af5b76101bf3dbf6,conan-io/conan,0.0,2,"[0.0, 0.0]",0.0,0.0,0,False,True,False,Why does the test class for module loading functionality implement its test helper method that creates temporary filesystem structures and loads modules as a static method that writes temporary files and loads them with the file-based module loading function instead of importing modules directly?
457,import-7bf646ef24fe854870baa488,pylint-dev/pylint,0.0,2,"[0.0, 0.0]",0.0,0.0,0,False,True,False,Why does the NamedTuple test class in the PEP 604 alternative union syntax test module use pipe operator syntax instead of typing.Union?
458,import-53606b9e461942e29f7b3dc6,fitbenchmarking/fitbenchmarking,0.0,2,"[0.0, 0.0]",0.0,0.0,0,False,True,False,How does the benchmarking framework implement cross-platform execution coordination and resource cleanup in its nested benchmark pipeline?
459,import-06d894f19682e481afe2f89d,stfc/psyclone,0.0,2,"[0, 0.0]",0.0,0.0,0,False,True,False,Where are the precision verification mechanisms implemented in PSyclone's adjoint test harness generation system?
460,import-e7cb77758d6799b228189299,qiboteam/qibo,0.0,2,"[0, 0.0]",0.0,0.0,0,False,True,False,How does Qibo's visualization module coordinate between quantum state analysis and matplotlib-based rendering when generating Bloch sphere representations for qubit state visualization?
461,import-b981f9bac23687dd32ae162a,pytest-dev/pytest,0.0,2,"[0.0, 0.0]",0.0,0.0,0,False,True,False,Where are the functions or methods in the assertion module that indirectly invoke the _HighlightFunc protocol through conditional lexer type selection between diff and python highlighting implementations?
462,import-3e1b56e3c137076cff642f1b,astropy/astropy,0.0,2,"[0.0, 0.0]",0.0,0.0,0,False,True,False,What architectural design does the template-style string interpolation class employ to separate identifying template variables from retrieving values from configuration sections?
463,import-e12319366043679f0dd335e5,astropy/astropy,0.0,2,"[0.0, 0]",0.0,0.0,0,False,True,False,Where in the sorting method of the list subclass that reorders tuples for astropy table column attributes in the table metadata module does the control flow preserve column metadata ordering while maintaining additional key-value pairs after the predefined column keys?
464,import-6275e02f56a74277a42d67b6,sphinx-doc/sphinx,0.0,2,"[0, 0]",0.0,0.0,0,False,True,False,What architectural pattern does the class defined in the third module use to resolve the circular dependency between the first module and the second module in the test package?
465,import-922429dea6833879b432a9db,sympy/sympy,0.0,2,"[0.0, 0.0]",0.0,0.0,0,True,True,False,Why does repeated instantiation and code generation of pre-decrement operator objects impact code generation test suite performance across thousands of similar operator tests?
466,import-d7d4bc9b12e09644708c604d,sphinx-doc/sphinx,0.0,2,"[0.0, 0]",0.0,0.0,0,False,False,False,Where does the path property descriptor class in the utility pathlib module resolve the instance attribute name dynamically?
467,import-882cc6b0f9735091d2bd30e5,reflex-dev/reflex,0.0,2,"[0.0, 0]",0.0,0.0,0,False,False,False,Where is a validation error exception for invalid component child types instantiated or raised when an invalid component child is detected in the repository?
468,import-aae1c9c95db1dde20fb6d88f,sympy/sympy,0.0,2,"[0.0, 0.0]",0.0,0.0,0,False,False,False,What mechanism in the tensor product contraction process ensures that data array computation produces identical results regardless of the order in which tensor operands are arranged?
469,import-ee307a6a3a7d263ea1aa3ffa,astropy/astropy,0.0,2,"[0.0, 0.0]",0.0,0.0,0,False,False,False,How should the validation methods that orchestrate unit serialization and deserialization testing be refactored to separate the format-specific string conversion operations from the unit decomposition and scale comparison operations in the pytest test classes?
470,import-f54befe4bf7353628615620b,pytest-dev/pytest,0.0,2,"[0.0, 0.0]",0.0,0.0,0,False,False,False,"What is the dependency chain between the TestRequestScopeAccess class, the pytest fixture system, the parametrization mechanism, the Pytester fixture, and the internal request attribute resolution logic that validates request object attributes are correctly scoped?"
471,import-a9fc9efa3e7bbf21ae1eb14d,sqlfluff/sqlfluff,0.0,2,"[0.0, 0.0]",0.0,0.0,0,False,False,False,Why would repeatedly instantiating the NamedTuple that stores select clause target information in the layout rule during SQL linting cause performance degradation?
472,import-35da7acfac96a72b76488f15,astropy/astropy,0.0,2,"[0.0, 0.0]",0.0,0.0,0,False,False,False,Why does the boolean flag indicating whether model outputs are independent in the base class for cylindrical sky projections enable performance optimization in astronomical coordinate transformation pipelines?
473,import-9465cff51c9989ebc615a4cd,pytest-dev/pytest,0.0,2,"[0, 0.0]",0.0,0.0,0,False,False,False,Where does the data flow from pytester.inline_run() through the test execution pipeline to ultimately validate that tmp_path remains functional when the current process's user id lacks a corresponding valid user entry?
474,import-489e64e2d14c758a11a7b746,astropy/astropy,0.0,2,"[0.0, 0.0]",0.0,0.0,0,False,False,False,"Where in the astropy codebase is the mechanism that propagates boolean exclusion flags during array shape expansion implemented, coordinating between array wrapper objects that track excluded elements and the coordinate grid generation routine from the numerical computing library?"
475,import-b348a53f091aeaf41581e3f4,psf/requests,0.0,2,"[0, 0]",0.0,0.0,0,False,False,False,How should the exception hierarchy in the requests library implement version validation logic to detect and handle mismatched dependency versions at runtime without breaking backward compatibility?
476,import-36d4f43b8fc8a4d753b3acb4,sympy/sympy,0.0,2,"[0, 0]",0.0,0.0,0,False,False,False,What are the interdependencies between the expression transformation methods that convert between circular and hyperbolic function families in the elementary functions module?
477,import-5646e91dc2e7b3f401e55a3b,reflex-dev/reflex,0.0,2,"[0.0, 0.0]",0.0,0.0,0,False,False,False,How does the type stub generator determine when to add a component instantiation method to a class during signature generation from component properties?
478,import-e316bff6ecfed59956cf0f6c,sanic-org/sanic,0.0,2,"[0.0, 0]",0.0,0.0,0,False,False,False,How does Sanic coordinate JWT token validation across middleware layers when implementing the protected decorator for route authorization?
479,import-e00e627ca510b66a673a2f40,pytest-dev/pytest,0.0,2,"[0.0, 0.0]",0.0,0.0,0,False,False,False,"How does pytest's indirect parametrization mechanism resolve non-hashable dictionary items through fixture request parameters, and what internal transformations occur when parametrize decorators process mutable objects that cannot be used as cache keys?"
480,import-7e9601f2c55029f2e6026b90,pylint-dev/pylint,0.0,2,"[0.0, 0.0]",0.0,0.0,0,False,False,False,Where is the initialization logic that the child class's initialization method delegates to through the parent class delegation mechanism?
481,import-efcdc2f96c6ba2b9aced8685,pylint-dev/pylint,0.0,2,"[0.0, 0]",0.0,0.0,0,False,False,False,Where is the call chain through which the forward reference resolution for string literal type annotations in function return type annotations gets processed by the type checking infrastructure?
482,import-5329bca939fd28f40849b205,streamlink/streamlink,0.0,2,"[0.0, 0.0]",0.0,0.0,0,False,False,False,Why does the performance of a streaming service plugin's stream retrieval method degrade when the JavaScript resource file containing stream configuration contains multiple sequentially processed regular expression patterns for extracting authentication parameters?
483,import-661d7757d93ae62508d09dd2,astropy/astropy,0.0,2,"[0.0, 0.0]",0.0,0.0,0,False,False,False,How does the converter class for single-precision complex VOTable datatypes use its numpy dtype format string attribute to convert complex values to bytes for binary format serialization?
484,import-6b8da9a2f87696fec119a6ad,streamlink/streamlink,0.0,2,"[0.0, 0]",0.0,0.0,0,False,False,False,Why is a JSON deserialization factory method implemented in a browser context identifier type wrapper instead of using direct JSON deserialization through the class constructor?
485,import-6461126bc6ccd1222f7625b2,conan-io/conan,0.0,2,"[0.0, 0.0]",0.0,0.0,0,False,False,False,What is the influence of the architecture string returned by the function that converts architecture names to Apple-specific format on the flags generated for the wrapper class that invokes Apple development tools in a macOS build?
486,import-a8ce2b719b0e88532d6755fd,reflex-dev/reflex,0.0,2,"[0.0, 0.0]",0.0,0.0,0,False,False,False,What is the effect of assigning a custom client state persistence manager to the test application fixture on the framework's state serialization during test execution?
487,import-3c01803404a049946f0bc6d9,sphinx-doc/sphinx,0.0,2,"[0.0, 0.0]",0.0,0.0,0,False,False,False,What is the semantic significance of the processing order where the declarator following parentheses is processed before the declarator inside parentheses in the type identifier generation method for parenthesized C++ declarators?
488,import-bf149121cb76684a05f92945,sanic-org/sanic,0.0,2,"[0, 0.0]",0.0,0.0,0,True,False,False,"What are the inheritance relationships and dependencies between the AsyncioServer, WorkerManager, and server event trigger components for managing async resource cleanup during graceful shutdown?"
489,import-0b52b26ca874d4d1c1cbcdf9,sympy/sympy,0.0,2,"[0, 0.0]",0.0,0.0,0,False,False,False,What is the mechanism in the normalization constant property that ensures the combined probability mass function integrates to unity given the partial sum of reciprocal integers and the natural logarithm ratio term?
490,import-9d0221def4ca7d5d5181c821,sympy/sympy,0.0,2,"[0, 0.0]",0.0,0.0,0,True,False,False,What is the reconciliation mechanism in the class for joint probability distributions between the property accessing the second argument and the tuple naming only the first argument?
491,import-3060a6df66db3c29deb4e0ff,mwaskom/seaborn,0.0,2,"[0, 0]",0.0,0.0,0,False,False,False,Where does seaborn coordinate its deprecation warnings with changelog documentation to support migration across major version transitions?
492,import-4ea75585a10684810083d7e8,sqlfluff/sqlfluff,0.0,2,"[0, 0.0]",0.0,0.0,0,False,False,False,What is the sequence of state mutations in the private method that computes additional allowed characters with dialect-specific adjustments for the identifier special characters validation rule?
493,import-88edf39b33de0976c741abee,streamlink/streamlink,0.0,2,"[0, 0]",0.0,0.0,0,False,False,False,How does a test utility class that combines event-based testing capabilities with streaming service-specific stream writing functionality use multiple inheritance from a test utility class that provides event-based synchronization for testing stream writing operations and a streaming service-specific stream writer class that extends the base HLS stream writer to implement the HLS streaming protocol?
494,import-93de04c45a26c85f844aef7b,sympy/sympy,0.0,2,"[0, 0.0]",0.0,0.0,0,False,False,False,Why does the array creation input handler in the base N-dimensional array class perform shape inference through recursive scanning of nested iterables rather than requiring explicit shape specification?
495,import-8105484f8eb45e656f780a50,pylint-dev/pylint,0.0,2,"[0, 0]",0.0,0.0,0,False,False,False,How should the termination predicate evaluation within the iteration loop be decoupled from the iterable consumption mechanism to enable independent testing of the termination predicate evaluation and the alternative path value emission?
496,import-697d3ee35f66f6005c502892,omni-us/jsonargparse,0.0,2,"[0, 0]",0.0,0.0,0,False,False,False,"What subclasses and inheritance relationships exist in jsonargparse's core parsing architecture between ActionsContainer, SignatureArguments, and ArgumentParser?"
497,import-a17f25d41a414ef41aadceb9,streamlink/streamlink,0.0,2,"[0.0, 0.0]",0.0,0.0,0,False,False,False,Why were specific design constraints or assumptions considered in the test class that validates URL pattern matching for a streaming plugin's URL pattern matching implementation?
498,import-d677634a8b59426b7265d1bd,conan-io/conan,0.0,2,"[0.0, 0]",0.0,0.0,0,False,False,False,Why does the runtime complexity of resolving dependency version range overrides in the test method that validates override behavior in dependency graphs increase as the number of dependencies and override specifications grows?
499,import-5e691f1c73fa131cac1a202e,sqlfluff/sqlfluff,0.0,2,"[0.0, 0.0]",0.0,0.0,0,False,False,False,What is the architectural responsibility distribution between the static method that extracts select clause structural information as a pure data extraction layer and the methods that determine layout violations and generate fixes?
500,import-d27197a76126b6144cd7e98b,astropy/astropy,0.0,2,"[0.0, 0.0]",0.0,0.0,0,False,False,False,"What attributes must be implemented by the object type tested in the test class that verifies compatibility with numpy's shape, size, and dimensionality inspection functions to satisfy the dependencies of those functions?"
501,import-e63c78d867d2555aecb057f3,sanic-org/sanic,0.0,2,"[0.0, 0.0]",0.0,0.0,0,False,False,False,Why does the WorkerManager coordinate with HTTP protocol timeout handling across multiple worker processes?
502,import-7c700b38e0ebd554d85a122f,sphinx-doc/sphinx,0.0,2,"[0, 0.0]",0.0,0.0,0,False,False,False,How does the documentation generation system determine which class members should be excluded from generated documentation?
503,import-2dc07b7e99a6e10cff9936ba,pytest-dev/pytest,0.0,2,"[0.0, 0.0]",0.0,0.0,0,True,False,False,Why would caching the Source object initialization in setup_class impact the performance characteristics of the TestAccesses test suite when executed repeatedly across multiple test runs?
504,import-6e0c412519893c0791719465,mwaskom/seaborn,0.0,2,"[0.0, 0.0]",0.0,0.0,0,False,False,False,Why does seaborn maintain dual KDE implementations with different caching strategies for statistical computations?
505,import-dc55393bfd90497b05ffddc0,psf/requests,0.0,2,"[0, 0]",0.0,0.0,0,False,False,False,"What is the dependency chain between HTTPError's inheritance from RequestException and the exception handling propagation through the requests library's dependency chain, and what role does this hierarchical relationship play in distinguishing HTTP-specific errors from connection-level failures in downstream error recovery mechanisms?"
506,import-7981c7968d61b06d4ea8b4d7,streamlink/streamlink,0.0,2,"[0.0, 0.0]",0.0,0.0,0,False,False,False,Where in the codebase does the initialization of a base class for parsing elements containing multiple segment definitions' timing attribute depend on the presence of a timing child element or a default value from a parent context?
507,import-86e86ea76209f61f907f1726,pytest-dev/pytest,0.0,2,"[0.0, 0.0]",0.0,0.0,0,False,False,False,"What is the impact of the tmpdir fixture's conversion from Path to LEGACY_PATH through legacy_path() on the fixture's dependency chain, and what would be the cascading impact on test isolation if the conversion were to fail silently?"
508,import-23faecc2599f9811d2fb75e5,pytest-dev/pytest,0.0,2,"[0, 0]",0.0,0.0,0,False,False,False,"What is the execution semantics encoded by the return value from `pytester.runpytest_subprocess()`, and what specific exit code semantics does the `.ret` attribute represent in the context of pytest's test execution model?"
509,import-457f179a5395923cee9d4c2e,conan-io/conan,0.0,2,"[0, 0]",0.0,0.0,0,False,False,False,What determines the inclusion of package metadata files in the collection of files prepared for upload within the function that collects metadata files for upload operations?
510,import-37e12ac8abaadb8d3c8400ef,stfc/psyclone,0.0,2,"[0.0, 0]",0.0,0.0,0,False,False,False,What are the concrete transformation classes that inherit from the abstract ParallelLoopTrans base class in PSyclone's transformation hierarchy?
511,import-c2f8736c27259528da652f3b,sphinx-doc/sphinx,0.0,2,"[0.0, 0.0]",0.0,0.0,0,True,False,False,Where does the MRO in the enum class inheriting from both a non-enum mixin and the standard enum base affect which data attributes from the non-enum mixin are accessible versus shadowed by the standard enum base's internal mechanisms?
512,import-3f70fa7074ff1aebc3e4c007,reflex-dev/reflex,0.0,2,"[0.0, 0.0]",0.0,0.0,0,False,False,False,What is the propagation of a log display wrapper function's reliance on a log streaming generator to other components consuming its output within the utility module?
513,import-8a21e83c420ca7de27c9d4eb,pylint-dev/pylint,0.0,2,"[0.0, 0.0]",0.0,0.0,0,False,False,False,How would you refactor the configuration option value formatter to implement parameter validation and type checking while maintaining backward compatibility with existing callers that pass arbitrary object types?
514,import-58e96b20d7c00de2d98430fd,sqlfluff/sqlfluff,0.0,2,"[0.0, 0.0]",0.0,0.0,0,False,False,False,Where does the return value of the substring location method on the remaining unprocessed string buffer in the exact string matcher class determine whether the position finder method returns a tuple or None?
515,import-0e086b202051f18807a80abf,reflex-dev/reflex,0.0,2,"[0.0, 0]",0.0,0.0,0,False,False,False,Why is the application instance and its module encapsulated in a structured container within the framework?
516,import-f6a1aabdca78e79121c123c2,streamlink/streamlink,0.0,2,"[0.0, 0.0]",0.0,0.0,0,False,False,False,Where is the asynchronous in-memory communication channel implementation for capturing and routing stdout and stderr outputs in the test utility class for simulating process output?
517,import-7e1b4bf14bb8f1d7b12281d5,streamlink/streamlink,0.0,2,"[0.0, 0]",0.0,0.0,0,False,False,False,What architectural role does the event class that handles WebSocket message errors play in the browser protocol event handling module's error handling strategy?
518,import-054283390a7ca05883b3c10e,sqlfluff/sqlfluff,0.0,2,"[0.0, 0.0]",0.0,0.0,1,True,False,False,Why does repeatedly instantiating the segment class that parses structured data type definitions during parsing of deeply nested structured data type definitions impact memory allocation and garbage collection overhead compared to reusing the shared grammar definition object?
519,import-a27886834018044ff816c7d4,django/django,0.0,2,"[0, 0]",0.0,0.0,0,False,False,False,What are the coupling dependencies between the test methods in LoginRedirectUrlTest and the django.urls.reverse function that must be satisfied for the test_named test case to pass?
520,import-d7b7d55534fc6cd8353bdb09,scikit-learn/scikit-learn,0.0,2,"[0.0, 0.0]",0.0,0.0,0,True,False,False,How does the convergence detection mechanism in the `fit` method handle the trade-off between numerical precision and computational efficiency when comparing label distribution changes across iterations?
521,import-6a26e8b8371b267e34d1cac2,sanic-org/sanic,0.0,2,"[0, 0.0]",0.0,0.0,0,False,False,False,Where is the HTTP protocol version selection and server configuration logic implemented in Sanic's deployment infrastructure?
522,import-c5e2cc48bbbcf9c875660c28,mwaskom/seaborn,0.0,2,"[0, 0]",0.0,0.0,0,False,False,False,What are the statistical transformation classes that inherit from the Stat base class in seaborn's _stats module and their specialized computational responsibilities?
523,import-5165facb15a380e5e20dda95,astropy/astropy,0.0,2,"[0, 0.0]",0.0,0.0,0,False,False,False,Why does the test class that verifies mask assignment behavior in the masked array utilities module check memory sharing between the mask property and the input mask array after assignment instead of only verifying value equality?
524,import-6f957e292cef1330f281c89d,streamlink/streamlink,0.0,2,"[0.0, 0.0]",0.0,0.0,0,False,False,False,Where in the control flow of a validation function that applies multiple key path lookups to the same input value is nested dictionary traversal handled when multiple key paths are provided?
525,import-e500b7a23bdb2ebaa272893b,sympy/sympy,0.0,2,"[0.0, 0.0]",0.0,0.0,0,False,False,False,How does the three-dimensional axes rendering class in the pyglet plotting module maintain synchronization between coordinate range updates and tick mark recalculation when child plot object bounds contain infinite coordinate values?
526,import-53601a04918107064022733c,sqlfluff/sqlfluff,0.0,2,"[0.0, 0.0]",0.0,0.0,0,False,False,False,How does the BaseSegment caching algorithm manage cache invalidation and property recalculation when segments are mutated during SQL parsing and linting operations?
527,import-bbc3aefeb01e7a6f601e56ef,conan-io/conan,0.0,2,"[0, 0]",0.0,0.0,0,False,False,False,What modules in the repository would be impacted by a change to the wrapper script loaded by the command interception component?
528,import-d587da4ba7f1c7fe6c32c45e,reflex-dev/reflex,0.0,2,"[0.0, 0.0]",0.0,0.0,0,False,False,False,Where is the function that parses argument specifications called to build the argument list for an event handler in the codebase?
529,import-c8437fe8534e7917400d1752,reflex-dev/reflex,0.0,2,"[0.0, 0.0]",0.0,0.0,0,False,False,False,Where is the subsequent control branch determined when a state validation error is raised?
530,import-2cd6a2da9c1f440f1a4a0ae8,pylint-dev/pylint,0.0,2,"[0, 0]",0.0,0.0,0,False,False,False,Why does the current implementation of the method that checks class subscriptability for generic type annotations cause performance overhead when the same class is checked repeatedly during static analysis?
531,import-a38d8c6a4c053daff0d79957,stfc/psyclone,0.0,2,"[0.0, 0.0]",0.0,0.0,0,False,False,False,Why does the symbol table import resolution mechanism in PSyclone exhibit poor scalability when processing large codebases with multiple nested modules and wildcard imports?
532,import-81bc9bf81eab283b29478b41,sphinx-doc/sphinx,0.0,2,"[0, 0.0]",0.0,0.0,0,False,False,False,What is the integration mechanism between the macro declaration node class and the abstract syntax tree hierarchy that maintains consistency between identifier resolution via the versioned identifier method and symbol table management in the C domain?
533,import-774e6143baa89afd72d7ffdc,scikit-learn/scikit-learn,0.0,2,"[0.0, 0.0]",0.0,0.0,0,False,False,False,Why does the repeated instantiation of SelectKBest and GenericUnivariateSelect objects in test_mutual_info_regression impact memory allocation and computational overhead compared to reusing a single fitted estimator instance across multiple transform operations?
534,import-e4b7685a734ffe6530a95c52,matplotlib/matplotlib,0.0,2,"[0.0, 0.0]",0.0,0.0,0,False,False,False,What is the separation of concerns maintained by the ToolbarGTK4 class between UI state management and event handling through its set_message method within the broader GTK4 backend architecture?
535,import-be54ee7ac3ee8e4aa85aab53,streamlink/streamlink,0.0,2,"[0.0, 0.0]",0.0,0.0,0,False,False,False,What is the conceptual role of the handshake mechanism in the test class for HTTP output operations' test method for write error handling regarding OSError exception handling during HTTP output operations?
536,import-5081c7a07cb61102da8ceaa2,astropy/astropy,0.0,2,"[0.0, 0.0]",0.0,0.0,0,False,False,False,What performance overhead does the unit validation decorator in the astropy units module introduce when validating unit equivalence through repeated attribute lookups and method calls in high-frequency function invocations?
537,import-8a1b4bc29f4fbb3746430985,sphinx-doc/sphinx,0.0,2,"[0.0, 0.0]",0.0,0.0,0,True,False,False,"Where would the source code analysis process determine whether a function with no parameters, calls, or control flow statements serves as an actual execution component or merely a documentation-only element in the module's code processing workflow?"
538,import-a772a354414444d17bb38bae,streamlink/streamlink,0.0,2,"[0.0, 0]",0.0,0.0,0,False,False,False,Why does the decorator-based tag parsing approach introduce performance overhead compared to direct function registration in high-frequency adaptive streaming protocol stream processing scenarios?
539,import-bbdf63b62e82327064fb12b5,pylint-dev/pylint,0.0,2,"[0.0, 0.0]",0.0,0.0,0,False,False,False,How should a class-creating type design iteration protocol methods to separate construction logic from iteration behavior while allowing inheriting classes to override either independently?
540,import-eba3c7187afec6c86af480bd,sqlfluff/sqlfluff,0.0,2,"[0.0, 0.0]",0.0,0.0,0,False,False,False, Why does the SQL dialect segment class for unordered SELECT statements use grammar composition with copy and insert methods rather than defining match_grammar from scratch?
541,import-02c731a42afa11b8e9213924,qiboteam/qibo,0.0,2,"[0, 0.0]",0.0,0.0,0,False,False,False,What is the statistical sampling architecture that ensures reproducible probabilistic measurements across different computational backends in Qibo?
542,import-72bb083ccf26445bda20e838,pallets/flask,0.0,2,"[0.0, 0.0]",0.0,0.0,0,False,False,False,Why does the asynchronous HTTP method view class inherit from the synchronous HTTP method dispatch base class rather than implementing async dispatch independently?
543,import-d8e02a75060e81cf7fc2779f,astropy/astropy,0.0,2,"[0.0, 0.0]",0.0,0.0,0,False,False,False,Why does the serialization state preparation method use the mixin-safe copying function conditionally only for columns that are not instances of the base column class?
544,import-ac2d6bb073610ff000951cad,sympy/sympy,0.0,2,"[0.0, 0.0]",0.0,0.0,0,False,False,False,Where does the ket representation class propagate bracket and LaTeX formatting attributes through the inheritance hierarchy from the base many-particle Fock state class?
545,import-fcb1997b39de5af55485731b,conan-io/conan,0.0,2,"[0.0, 0.0]",0.0,0.0,0,True,False,False,"How does the internal Conan logic resolve the package reference for a ""test"" command to prevent rebuilding when only test files are altered?"
546,import-f5d21d1c64c9b16fc40851e3,sympy/sympy,0.0,2,"[0.0, 0.0]",0.0,0.0,0,False,False,False,What mechanism in the string representation generated by the test function that verifies matrix expression string representations ensures that matrix expression semantics are preserved when symbolic matrix dimensions are parameterized with symbolic integers rather than concrete values?
547,import-6b194bff2d4e291e2874533a,conan-io/conan,0.0,2,"[0.0, 0.0]",0.0,0.0,0,True,False,False,How does a test method that creates and validates a package create a package that is built with a build system and then validated?
548,import-a45e93524537e67d48e5fcc7,django/django,0.0,2,"[0.0, 0]",0.0,0.0,0,False,False,False,Where does the cascade deletion triggered by the ForeignKey relationship in silly_tribble propagate through the data control flow when a referenced Tribble instance is deleted?
549,import-3602b1eaeeab78125feb11a1,pytest-dev/pytest,0.0,2,"[0.0, 0.0]",0.0,0.0,0,False,False,False,Why does the repeated fixture instantiation and teardown cycle in test_package_fixture_complex impact performance when scaling to hundreds of package-scoped fixtures with autouse dependencies?
550,import-3b8415527a3c22eba622a258,streamlink/streamlink,0.0,2,"[0.0, 0.0]",0.0,0.0,0,False,False,False,How does the test class that validates encrypted HLS stream decryption handle AES-128 decryption when switching between encrypted and unencrypted segments within the same HLS stream?
551,import-f45580fcbf870ee369d72731,streamlink/streamlink,0.0,2,"[0.0, 0.0]",0.0,0.0,0,False,False,False,Why does the method that transforms authentication tokens use a dual token validation approach with both current and previous hour timestamps?
552,import-d34a76f7a3605d8ff9a5b9be,conan-io/conan,0.0,2,"[0.0, 0]",0.0,0.0,0,False,False,False,Why does the combination of path normalization with string replacement operations and multiple dictionary merge operations affect the time complexity of the function that collects package configuration variables when handling many dependencies?
553,import-eda14b04336e2b4a8475797d,reflex-dev/reflex,0.0,2,"[0.0, 0.0]",0.0,0.0,0,False,False,False,What is the influence of setting the component's render caching configuration attribute to a render caching configuration that disables recursive child caching on the rendering lifecycle of a modal dialog trigger component within a responsive themed component library hierarchy?
554,import-e995e5af5974384e99208cd3,sqlfluff/sqlfluff,0.0,2,"[0, 0]",0.0,0.0,0,False,False,False,How does the method that returns column and table analysis information handle treating Data Manipulation Language statements and values clause segments as SELECT statements?
555,import-7dec6dd59552d0a40765e7aa,sqlfluff/sqlfluff,0.0,2,"[0, 0.0]",0.0,0.0,0,False,False,False,Why is the occurrence sorting method implemented as a static method within the Python format string templating class rather than as a standalone utility function?
556,import-acf27031026a9e7b6bdfe2ac,sphinx-doc/sphinx,0.0,2,"[0.0, 0.0]",0.0,0.0,0,False,False,False,Why does the custom LaTeX node class that wraps literal blocks with captions and inherits from the docutils container node class cause performance degradation during document traversal when the container's node visitation mechanism performs redundant type checking on every child node?
557,import-50b0c05327e35b47aff71d85,conan-io/conan,0.0,2,"[0.0, 0.0]",0.0,0.0,0,True,False,False,What is the effect of the transitive component requirements specified in the test that verifies transitive component dependency resolution on the imported CMake targets for the component target that the application links against during the final app build?
558,import-b986885d44dc9d7c66e6b565,mkdocs/mkdocs,0.0,2,"[0.0, 0.0]",0.0,0.0,0,False,False,False,"Why does MkDocs implement a multi-layered path normalization and validation system across config.py, utils.py, and relative_path_ext.py rather than centralizing all path handling in a single module?"
559,import-fd5459f1e5864a161492e539,sympy/sympy,0.0,2,"[0, 0]",0.0,0.0,0,False,False,False,Why does the power decomposition method validate correct transformation of unit-numerator rational bases into inverted integer bases with negated exponents?
560,import-b47190d3a7f08a607a84569b,sqlfluff/sqlfluff,0.0,2,"[0, 0]",0.0,0.0,0,False,False,False,Why does the early exit check using the cached subtree type set intersection prevent performance degradation in the recursive segment search method when traversing deeply nested trees with irrelevant branches?
561,import-356b1c9e40a4a1753d801313,sympy/sympy,0.0,2,"[0.0, 0.0]",0.0,0.0,0,False,False,False,Why does the exception that signals failures in heuristic-based greatest common divisor computation strategies integrate into the base exception class for polynomial-related errors?
562,import-7cfe9cbd7568ff28b7cc98f8,pylint-dev/pylint,0.0,2,"[0.0, 0.0]",0.0,0.0,0,False,False,False,What is the scope resolution chain for the namedtuple class attribute used as return type annotation in the nested class that affects static type checking in importing modules?
563,import-d0667fffa39311344a8c48a0,sqlfluff/sqlfluff,0.0,2,"[0.0, 0.0]",0.0,0.0,1,False,False,False,Where in the sequence matching method are optional clause references checked when evaluating the match grammar attribute of the CREATE TABLE statement segment class?
564,import-c18cca257cdad6db89e0951a,conan-io/conan,0.0,2,"[0.0, 0.0]",0.0,0.0,0,False,False,False,Why does the server configuration parser enforce ASCII-only passwords for users in the server configuration?
565,import-470be69fca66775f67deb6af,astropy/astropy,0.0,2,"[0.0, 0.0]",0.0,0.0,0,False,False,False,What architectural pattern does the header initialization process use to prevent modifications when creating new header data unit instances from existing headers in the FITS file I/O module?
566,import-eaedd0c463a44c2770221374,streamlink/streamlink,0.0,2,"[0, 0.0]",0.0,0.0,0,False,False,False,What is the conceptual relationship between the directional force measurement property and the spatial orientation angle properties in the touch interaction point data structure in defining the physical orientation and force characteristics of a touch interaction?
567,import-58cadb2010d3a9d51b537cf3,astropy/astropy,0.0,2,"[0.0, 0.0]",0.0,0.0,0,False,False,False,How does the class-level initialization method in the test class that validates remote URL functionality for leap second data manipulate the Earth rotation and reference systems service configuration to prevent the bundled IERS-B Earth orientation data table from loading during test execution?
568,import-93e9e3a3453936f2f11a192d,conan-io/conan,0.0,2,"[0.0, 0.0]",0.0,0.0,0,False,False,False,"Where in the control flow does the interaction between the timestamp separation delay, the targeted remote upload operation, and the update flag combined with remote filtering to a specific repository lead to the status assertion indicating the cached version is newer than the remote version in the integration test that verifies update behavior with remote filtering?"
569,import-dc384d10f392758f98771746,matplotlib/matplotlib,0.0,2,"[0.0, 0.0]",0.0,0.0,0,True,False,False,"What is the architectural pattern of StreamMask's trajectory recording and rollback mechanism that decouples the concerns of spatial discretization from streamline collision detection, and what architectural implications does this separation have for handling concurrent or adaptive trajectory generation?"
570,import-c59dfd91bb122c33e16f882c,astropy/astropy,0.0,2,"[0.0, 0]",0.0,0.0,0,False,False,False,Why does the test mixin class for verifying cosmology read/write operations through HTML table format exist to ensure the integrity of converting cosmology instances to HTML tables when default values defined in cosmology class parameters must compensate for columns absent from the HTML table during reading?
571,import-1c6a7bd439189d4c0d6b3b12,pallets/flask,0.0,2,"[0.0, 0.0]",0.0,0.0,0,False,False,False,What is the dependency chain from recursive type tagging method calls within the tuple-to-JSON conversion method that could lead to infinite recursion when serializing nested tuples with circular references?
572,import-08933d31a87481f23a4dc833,geopandas/geopandas,0.0,2,"[0.0, 0]",0.0,0.0,0,False,False,False,Why does geopandas' spatial indexing implementation fail to scale efficiently when processing large datasets with high-concurrency spatial operations?
573,import-e52e08202655091cb46d684b,pylint-dev/pylint,0.0,2,"[0.0, 0.0]",0.0,0.0,0,False,False,False,What architectural decision in the while-loop refactoring checker requires a control flow tracking flag when traversing nested if-else chains to identify break statements and prevent false positives?
574,import-f4c97e8c10c43fbdd5c928cf,scikit-learn/scikit-learn,0.0,2,"[0.0, 0.0]",0.0,0.0,0,False,False,False,"Where does the permutation loop control the data transformation flow between y_true and y_score, and what specific inverse mapping mechanism ensures that the metric computation remains invariant across all class label permutations?"
575,import-e310871482d281d17b111f45,sympy/sympy,0.0,2,"[0.0, 0.0]",0.0,0.0,0,False,False,False,Why does the elementwise function application method for N-dimensional arrays contain special-case logic for sparse arrays that filters out zero-valued results?
576,import-d21d4d665ec323728c21f7cc,matplotlib/matplotlib,0.0,2,"[0.0, 0.0]",0.0,0.0,0,False,False,False,"How does the Legend class implement a multi-layered validation strategy to handle conflicting parameters like title_fontsize and title_fontproperties, and what design pattern could be applied to generalize this validation logic across similar parameter conflicts?"
577,import-62534c445cb3c79b509c2a5d,sqlfluff/sqlfluff,0.0,2,"[0.0, 0.0]",0.0,0.0,0,False,False,False,"Why does the test function that validates SQL rule fixes use a three-phase sequence of linting, fixing, and linting again instead of testing components independently?"
578,import-43ba4b7d41182c8cb13e3ba1,hylang/hy,0.0,2,"[0.0, 0.0]",0.0,0.0,0,False,False,False,What is the complete inheritance hierarchy of Hy's object model system starting from the Object base class?
579,import-4164f03b09f8585dcd52d148,reflex-dev/reflex,0.0,2,"[0, 0]",0.0,0.0,0,False,False,False,How can the method that creates a copy without metadata be redesigned to produce a thread-safe variable representation copy that preserves lazy evaluation while avoiding unnecessary data serialization?
580,import-5683779b58fedcd276a3ce2a,streamlink/streamlink,0.0,2,"[0.0, 0]",0.0,0.0,0,False,False,False,How does the stream retrieval method implement multi-stage validation schema composition for extracting and processing embedded media delivery platform metadata?
581,import-aeb7dd01a07689a657eedb9c,sphinx-doc/sphinx,0.0,2,"[0, 0]",0.0,0.0,0,False,False,False,How does the identifier caching dictionary in the EPUB builder's generation method interact with environment pickling to ensure consistent identifier assignment across build runs while maintaining thread safety?
582,import-8924de6cee1bd80f03e07152,pytest-dev/pytest,0.0,2,"[0.0, 0.0]",0.0,0.0,0,False,False,False,What is the defensive layering pattern established by the exception handling architecture in _format_repr_exception to prevent cascading failures when repr() operations fail during error reporting?
,import-0b4746621b69807b12713d63,sphinx-doc/sphinx,,1,"[null, 0.0]",0.0,0.5,0,False,False,False,How do the signature description methods on the inner and next declarator attributes handle recursive traversal of nested parenthesized declarators?
,import-1ba513c05f25d8f0d106a05c,scikit-learn/scikit-learn,,0,"[null, null]",0.0,1.0,0,False,False,False,"Where in the codebase do functions conditionally invoke the _CVObjects constraint validation logic, and how does the constraint's is_satisfied_by method propagate validation results through the parameter validation framework?"
,import-1bd73f2caf250c79536f4328,bridgecrewio/checkov,,1,"[0.0, null]",0.0,0.5,0,False,False,False,What are the core components and structure of Checkov's documentation system architecture?
,import-2603ce382682af3c93448e41,yt-dlp/yt-dlp,,1,"[0.8, null]",0.4,0.8999999999999999,0,False,False,False,How does yt-dlp's configuration system coordinate hierarchical option loading across multiple file locations with runtime CLI override capabilities?
,import-2e008fd0effc857cb5eaa555,django/django,,1,"[0.0, null]",0.0,0.5,0,False,False,False,"Why is there a cumulative performance impact of the Field class's multiple property accessors and lazy initialization patterns when accessing field attributes millions of times in ORM operations, and how can this be optimized?"
,import-2f291e6a29b8293818b6f1d6,matplotlib/matplotlib,,1,"[0.0, null]",0.0,0.5,0,False,False,False,What dependencies does the _Edge_integer class's __init__ method establish with the Locator hierarchy to ensure tick calculation consistency across different axis scaling scenarios?
,import-3383a928d26a4be88d792b6c,matplotlib/matplotlib,,0,"[null, null]",0.0,1.0,0,False,False,False,"What is the effect of the conditional branching in AutoLocator's __init__ method based on the '_internal.classic_mode' rcParam on the tick placement algorithm's behavior when transitioning between classic and modern matplotlib rendering modes, and what are the implications for backward compatibility when the steps parameter changes from [1, 2, 5, 10] to [1, 2, 2.5, 5, 10]?"
,import-40ff1123ddebb741b0e2281b,sphinx-doc/sphinx,,1,"[0, null]",0.0,0.5,0,False,False,False,What is the propagation mechanism of the return value of the boolean method that determines spacing requirements after type specification sequences through the abstract syntax tree node hierarchy of declarator wrappers that influences whitespace insertion decisions in type declaration formatting?
,import-4791f7abf2f1072fd839dbd6,matplotlib/matplotlib,,1,"[1.0, null]",0.5,1.0,0,False,False,False,What is the coordination mechanism of the LockableBbox class between the invalidation mechanism and the masked array operations that ensures changes to locked points trigger proper cache invalidation in the child bbox dependency chain?
,import-62754687cf75112341a70c15,sphinx-doc/sphinx,,1,"[0, null]",0.0,0.5,0,False,False,False,Why does the exception raised when character literal decoding produces multiple characters integrate with the parser's error handling to distinguish valid single-character from invalid multi-character literals during AST construction?
,import-7318b2894e8550d08fc091e1,sphinx-doc/sphinx,,1,"[0.0, null]",0.0,0.5,0,False,False,False,Where are the conditional branches that determine whether the pointer suffix identifier generation method in the parenthesized declarator node class of the C++ domain applies version-specific transformations?
,import-744fe693da73e6ef247fa831,pytest-dev/pytest,,1,"[null, 0.0]",0.0,0.5,0,False,False,False,Why does the ensure_deletable function's resilience mechanism prevent cascading failures when both lock file removal and file status checks fail simultaneously in a concurrent directory cleanup scenario?
,import-a1ccbdb06697a722f98578e4,django/django,,1,"[0, null]",0.0,0.5,0,False,False,False,Why does the deconstruct() method's extensive dictionary iteration and string replacement operations affect migration generation performance when processing models with hundreds of fields?
,import-bb754324a530fed6b5bc7b07,streamlink/streamlink,,0,"[null, null]",0.0,1.0,0,False,False,False,What is the impact of the JSON-to-object deserialization method in the WebSocket handshake initiation event class's dependency on multiple deserialization methods across different data type classes on the maintainability and evolution of the browser debugging protocol's deserialization architecture?
,import-caef4a7fc0ec85d7abd2326f,matplotlib/matplotlib,,0,"[null, null]",0.0,1.0,0,False,False,False,Where does the glyph lookup control flow in DejaVuSerifFonts traverse the fallback chain from the _fontmap dictionary through DejaVuFonts parent class to ultimately reach StixSerif when a glyph is not found?
,import-dd8293e32bae2047df308e4d,sympy/sympy,,1,"[null, 0]",0.0,0.5,0,False,False,False,Where does the data flow from the deprecated matrix entry method through the matrix determinant class method to the determinant computation module?
,import-e7628fedacb9831e50931b53,sphinx-doc/sphinx,,1,"[null, 0]",0.0,0.5,0,False,False,False,What is the algorithmic approach used by the test function that validates parsing of type delimiters in Napoleon-style docstrings to correctly nest and structure document tree nodes for types representing multiple possible values?
,import-f24c5d73a319fbd681b7e092,matplotlib/matplotlib,,1,"[null, 0.0]",0.0,0.5,0,False,False,False,"What is the architectural separation enforced by the TestLogLocator test suite between the tick locator's core logarithmic computation logic and its integration with matplotlib's axis scaling system, particularly when handling edge cases like polar projections and shared axes?"
